Date,TempMax,TempAvg,TempMin,DewMax,DewAvg,DewMin,HumidityMax,HumidityAvg,HumidityMin,WindMax,WindAvg,WindMin,PressureMax,PressureAvg,PressureMin,RainTotal
1117,19,14.6,2,14,10.5,-1,92,84.1,71,9,3,0,26.9,26.8,26.7,0
1217,23,16.2,14,17,12.8,11,92,86.7,78,8,2.7,0,27.1,26.9,26.8,0.03
1317,24,21,17,21,18,14,96,88.5,71,6,1.4,0,27.1,27.1,27,0.02
1417,26,23.6,20,23,21.3,17,96,90.8,85,10,2.6,0,27.1,27,26.9,0.25
1517,21,11.7,-4,18,6.5,-10,95,80,64,12,5.3,0,27.3,27.2,27.1,0.34
1617,5,-3,-9,-3,-8.2,-13,87,78.8,66,15,4.8,0,27.3,27.3,27.3,0
1717,23,10.8,-7,21,6.4,-12,92,82.4,67,15,7.1,0,27.3,27.1,27.1,0
1817,43,25.4,14,37,21.5,11,100,85.8,71,23,6.2,0,27.2,27,26.8,0.21
1917,43,37.8,33,38,31.7,26,92,79.1,62,17,7.5,0,26.9,26.8,26.7,0.35
11017,39,33.8,32,38,32.8,30,100,95.9,87,18,8.7,3,26.8,26.7,26.5,0.36
11117,41,34.8,24,35,28.8,20,89,79.1,60,22,7.1,0,27,26.7,26.5,0.82
11217,32,23.7,17,20,17,11,88,76.3,59,9,3.5,0,27.3,27.1,27,0.01
11317,24,15.7,8,15,11.6,5,95,84.2,62,7,2.9,0,27.5,27.4,27.3,0
11417,18,14.7,11,12,9.5,6,92,80.1,70,7,4.1,0,27.6,27.5,27.4,0
11517,14,10.3,2,10,6.8,0,92,85.9,73,7,3.9,0,27.4,27.4,27.3,0
11617,13,4.7,0,6,0.1,-5,88,81.2,73,6,3.2,0,27.5,27.4,27.4,0
11717,16,6,0,6,1,-4,88,80.3,65,14,3.3,0,27.4,27.3,27.2,0
11817,37,24.2,9,33,20.7,4,93,86.5,77,20,7.8,0,27.1,26.9,26.7,0
11917,38,36.6,35,34,32.4,31,92,84.8,79,16,9.8,6,26.7,26.7,26.7,0.57
12017,43,37.7,34,31,28.3,26,85,69.5,51,22,13.8,7,26.7,26.5,26.3,0.05
12117,40,34.7,32,33,31.4,30,96,88.1,76,13,6.9,0,26.9,26.6,26.4,0
12217,40,36.5,29,31,28,24,89,71.9,53,25,14.2,0,26.9,26.7,26.7,0.13
12317,32,28.7,27,28,26.2,24,100,90.7,79,14,8.4,0,26.8,26.7,26.6,0
12417,34,26.7,18,24,20.7,15,89,78.5,61,16,9.2,0,27.1,26.9,26.8,0.13
12517,29,24,15,22,17,12,88,75.1,61,9,6.8,0,27.3,27.2,27.1,0
12617,30,25.8,18,25,22.1,17,96,85.8,72,8,3.5,0,27.6,27.4,27.3,0
12717,26,20.8,16,22,16.6,11,96,83.9,71,7,3.9,0,27.8,27.7,27.6,0
12817,24,22.6,21,22,17.6,16,96,81.7,74,12,5.5,0,27.8,27.8,27.8,0
12917,25,17.6,12,14,11.1,8,88,76,58,10,5,0,27.8,27.7,27.6,0
13017,22,16.5,10,15,11.8,5,92,82.2,74,8,2.6,0,27.5,27.4,27.3,0
13117,24,20.7,17,18,16,14,88,82.5,74,9,3.1,0,27.3,27.2,27.1,0
2117,28,24.2,20,23,20.4,17,96,85.9,72,9,5.7,0,27.2,27.1,27.1,0
2217,30,27.1,26,25,23,21,93,84.5,75,15,5.1,0,27.2,27.2,27.1,0
2317,43,34.2,27,33,26.8,20,79,74.1,65,18,12,0,27.1,26.9,26.8,0
2417,42,40.5,38,36,33.5,32,89,76.2,70,15,11.1,8,26.9,26.9,26.8,0
2517,48,44.1,38,34,31.6,29,86,62.5,48,21,14.8,9,26.9,26.8,26.6,0.06
2617,48,42.8,36,39,33,30,82,68.7,52,15,8.7,0,26.8,26.6,26.6,0
2717,40,34.9,32,34,31.9,29,100,89.1,70,15,8.8,0,26.9,26.7,26.6,0.04
2817,48,41,33,41,35,30,89,79.4,56,17,11.7,3,27.1,27,27,0.37
2917,56,51.7,46,41,39.6,38,83,64.2,51,18,14.3,6,27,26.8,26.8,0.18
21017,52,45.3,37,42,38,33,93,77,50,15,5.2,0,27.1,26.9,26.8,0.09
21117,41,34.8,28,34,26.1,23,89,72,51,16,8.8,0,27.5,27.3,27.1,0.04
21217,41,32.5,26,28,24,20,92,72.1,53,10,5.5,0,27.5,27.5,27.4,0
21317,42,31.1,25,30,25,21,92,79.2,57,10,2.3,0,27.4,27.4,27.3,0
21417,41,30.8,25,30,25.2,22,92,80.6,60,8,3.1,0,27.4,27.3,27.3,0
21517,43,30.7,22,33,25.7,21,96,82.6,56,8,2.9,0,27.3,27.2,27,0
21617,56,45.8,37,41,34.6,31,86,66.9,39,30,12,0,26.9,26.8,26.7,0
21717,51,42.5,36,38,33.4,27,93,72,39,17,8.8,3,26.9,26.7,26.6,0.05
21817,50,46.4,42,42,39.7,37,93,78.1,64,25,13.2,0,26.6,26.5,26.5,0.12
21917,51,43.7,39,40,36.6,29,93,76.8,43,17,8.7,0,26.8,26.7,26.6,0.11
22017,57,49.2,42,41,37.5,33,86,64.8,49,24,14.3,5,26.9,26.8,26.8,0.04
22117,55,48.2,40,41,31.6,24,83,54.9,31,23,14.6,0,27.1,26.9,26.8,0.05
22217,40,35.3,31,31,28.3,26,92,76.4,60,17,9.4,0,27.1,27,26.9,0
22317,34,31.9,30,28,24.7,22,85,75,66,29,21.2,14,27,26.9,26.9,0
22417,36,28,0,32,16.7,0,100,57,0,21,8.9,0,27.2,22.4,0,0
22517,39,29.7,21,20,15.8,13,75,58.2,38,9,4.6,0,27.2,27.1,27,0
22617,38,32.5,29,30,22.4,16,96,68.2,44,22,11.4,0,27,26.8,26.7,0
22717,35,31.5,28,28,24.9,20,92,77.3,54,16,6.1,0,26.8,26.8,26.7,0.01
22817,42,31.8,26,27,24.6,19,92,76.8,43,22,7.5,0,27.3,26.9,26.8,0.03
3117,49,38.1,30,26,23.8,21,75,58.3,35,10,7.3,0,27.4,27.4,27.3,0.02
3217,51,40.8,32,27,24.2,22,70,52.9,35,16,10.5,6,27.4,27.4,27.2,0
3317,56,42.6,34,28,25.9,23,72,54.3,33,17,6.7,0,27.2,27.2,27,0
3417,54,46.5,39,39,34.7,29,87,65.3,43,17,12.3,0,26.9,26.7,26.6,0
3517,45,38.5,32,34,26.1,19,92,62.7,41,17,8.8,0,26.8,26.6,26.6,0.1
3617,37,33.1,31,29,22,13,88,65.9,42,15,6.8,0,27.1,27,26.8,0
3717,43,38.4,33,37,32,26,89,78.2,60,17,11,5,27.2,27.2,27.1,0.04
3817,58,48.2,41,41,36.8,33,82,66.7,39,13,8.5,5,27.2,27.1,27.1,0.05
3917,58,50.5,45,48,44,41,93,79.4,60,14,9.6,5,27.2,27.2,27.1,0.04
31017,60,51.3,41,46,38.9,32,89,65.5,36,13,8.4,3,27.2,27.2,27.1,0.06
31117,62,49.5,39,40,33.3,30,80,56.2,32,18,11.5,3,27.2,27.2,27.1,0.01
31217,61,48.4,37,39,31.4,19,93,58.3,20,10,4.4,0,27.3,27.3,27.2,0.01
31317,67,52,39,35,29.1,26,63,44,23,9,4.7,0,27.3,27.2,27.1,0
31417,73,58.4,46,39,35.1,33,61,43.5,26,14,10.3,5,27.1,27.1,27.1,0
31517,69,57.2,46,50,35.8,29,89,48.4,22,16,10.6,5,27.1,27,26.9,0
31617,60,53.1,49,49,41.2,33,90,66.8,36,14,7.3,0,27.2,27.1,27,0.14
31717,72,58.5,48,38,34.5,32,63,43.1,24,21,10.8,0,27.2,27.1,27,0
31817,63,57,52,45,38.3,34,72,50,39,15,8.8,0,27,27,26.9,0
31917,62,53.1,49,50,46.9,41,93,80.3,46,13,6.4,0,27.1,27.1,27,0.06
32017,64,55.3,49,46,42,39,86,62.4,41,15,10.1,3,27.1,27,26.9,0.13
32117,61,52.9,47,49,42.4,39,83,67.9,50,14,8.5,3,26.9,26.9,26.8,0
32217,60,51.1,44,39,35.6,26,80,58.9,28,20,9.3,5,27,26.9,26.9,0.09
32317,55,45.9,37,39,29.4,22,83,56.6,28,21,12,6,27.1,27,26.9,0
32417,53,47.2,44,45,34.7,25,93,64.2,38,26,13.9,0,27.1,27,27,0
32517,57,46.3,37,39,33.5,27,93,65.1,35,13,5.8,0,27.1,27.1,27,0.19
32617,58,47.2,40,37,31,27,66,54.4,33,22,11.3,0,27,27,26.9,0
32717,55,46.4,40,41,35.9,29,93,69.5,40,22,11.3,0,27.2,27,26.9,0.12
32817,54,44.4,34,33,30.7,29,85,61.3,40,15,6.9,0,27.3,27.3,27.2,0
32917,60,49.7,40,48,38.3,31,93,67.3,39,17,9,0,27.3,27.1,27,0
33017,50,40.1,33,47,37.6,29,100,91.9,58,30,19.7,0,27,26.8,26.8,0.31
33117,61,49.7,41,38,33.7,29,66,55,41,26,19.8,8,27.1,27,26.9,1.28
4117,61,49.4,36,38,34.1,28,86,59,29,13,5.7,0,27.2,27.1,27.1,0
4217,58,50.6,42,42,30.2,16,77,50.1,20,23,13.8,5,27.1,27.1,27,0
4317,51,41.5,31,27,21.8,16,79,48.3,26,22,11.5,3,27.1,27.1,27,0
4417,56,43.8,29,22,16.1,1,72,38.4,11,15,7.1,0,27.2,27.1,27.1,0
4517,72,58.2,44,36,24.8,0,51,29.1,0,18,11,0,27.1,27.1,26.9,0
4617,65,59.5,55,47,38,31,74,46.4,30,21,11.9,5,26.9,26.9,26.7,0
4717,60,55.8,47,42,36.3,30,66,48.8,33,38,13.8,0,26.8,26.7,26.6,0.01
4817,49,44.4,36,38,33.7,28,86,66.8,48,23,10.3,0,27,26.8,26.7,0
4917,52,41.7,30,30,25.9,22,92,58,33,14,5.5,0,27.2,27.1,27.1,0.08
41017,56,47.2,41,36,25,19,79,44.3,24,16,10.2,0,27.1,27.1,27,0
41117,56,47.2,40,41,28.8,19,77,50.4,34,21,13.2,8,27.1,27,26.9,0.03
41217,71,57.5,43,39,35.8,31,76,48.7,25,23,13.2,7,27,26.9,26.7,0
41317,57,49,43,45,39.7,34,93,71.3,54,22,9,0,26.9,26.8,26.7,0
41417,47,39.2,33,39,34.2,29,97,83.7,51,18,9.4,0,27.2,27.1,26.9,0.15
41517,56,43.7,31,31,26.5,23,85,55.3,29,8,3.7,0,27.3,27.2,27.1,0.14
41617,69,54.4,41,36,30.1,26,60,41.5,21,18,10.3,3,27.1,27,26.8,0
41717,62,55.1,47,46,36.5,30,83,52.6,30,21,7.6,0,27,27,26.9,0.05
41817,60,51.2,45,46,42.4,37,93,73,49,16,6.7,0,27.1,27,27,0.09
41917,65,52,40,38,35.2,31,86,56.9,29,15,8.5,0,27.2,27.1,27.1,0.34
42017,55,48,41,40,37,31,82,66.3,46,26,9.9,0,27.3,27.1,27.1,0
42117,59,47.3,35,37,32.4,28,89,60.6,33,18,6.8,0,27.3,27.3,27.2,0.15
42217,70,57.2,41,34,29.4,24,65,38.2,21,36,18.7,8,27.2,27,26.8,0
42317,63,56.5,49,44,39.7,33,74,54.8,35,18,6.5,0,26.9,26.9,26.8,0
42417,54,47.5,44,43,41,39,90,78.9,59,15,8.7,3,26.8,26.8,26.8,0.01
42517,57,48.9,41,41,34.9,30,86,61.1,36,17,10.7,0,27,26.9,26.8,0.27
42617,53,47.9,42,45,42.3,38,93,81.3,66,17,7.8,0,26.9,26.8,26.8,0
42717,51,44.1,39,37,30.2,24,89,61,35,23,13.8,5,27,27,26.9,0.32
42817,57,46.6,35,32,30.3,28,86,56.4,33,25,16.2,6,27.2,27.1,27,0
42917,61,49,35,35,29.4,23,82,50.9,24,10,4.5,0,27.3,27.2,27.1,0
43017,66,55.3,45,39,34.7,30,63,46.5,37,14,7.7,0,27.2,27.1,27.1,0
5117,59,50.3,39,35,30.3,28,70,47.9,31,15,9.6,0,27.2,27.1,27.1,0
5217,65,55.4,47,40,37,32,74,51.8,35,22,9,0,27.2,27.1,27.1,0
5317,73,59.8,44,45,39.8,36,74,50.6,28,12,5.8,0,27.3,27.2,27.1,0
5417,85,69.3,53,48,42.4,39,64,41.5,20,16,10.6,7,27.2,27.1,26.9,0
5517,80,69.2,62,54,46.2,39,67,45.1,28,28,15.6,5,26.9,26.8,26.8,0
5617,63,52.2,45,53,42.4,37,86,69.5,57,24,15.6,5,26.9,26.8,26.8,0.03
5717,63,51.1,41,37,34.1,32,73,54.2,35,22,14.6,10,27,27,26.9,0.04
5817,67,53.8,40,41,34.8,31,73,50.6,33,12,5.4,0,27.1,27.1,27,0
5917,73,59.5,45,42,36.8,31,80,46.9,21,13,6.2,0,27,27,26.9,0
51017,80,65.1,50,41,37.8,31,68,40.9,17,12,6,0,27,26.9,26.9,0
51117,83,70.7,57,46,39.9,37,47,34,20,17,11.1,3,27,26.9,26.8,0
51217,67,51,43,42,38.2,33,86,63.8,33,26,11.6,0,27,26.9,26.9,0
51317,55,41.2,31,36,32.9,27,100,76,34,21,4.6,0,27,27,26.9,0.04
51417,58,48.8,36,37,31.2,26,82,54.3,31,13,5.9,0,27.1,27,26.9,0.01
51517,64,51.8,37,34,28.9,26,79,45.4,24,14,5.9,0,26.9,26.9,26.8,0
51617,52,46.8,39,46,38.7,27,93,75.4,43,24,11.8,3,26.8,26.7,26.6,0
51717,48,43.7,38,38,34.4,31,83,70.3,54,24,11.9,5,27,26.9,26.9,0
51817,63,52.7,40,42,38.3,34,86,60,43,15,7,0,27.1,27.1,27,0.01
51917,71,59,46,45,38.1,29,83,51.3,21,14,6.6,0,27.1,27.1,27,0
52017,76,63.2,52,45,40.8,37,66,46.3,26,23,7.6,0,27.1,27.1,27,0
52117,75,63.1,49,47,44.8,42,83,53.8,36,12,6.6,0,27.2,27.2,27.1,0
52217,81,67.5,53,48,43,31,74,45.7,16,14,6.5,0,27.2,27.2,27.1,0
52317,86,71.3,56,44,40.5,36,57,35.6,18,13,7.8,3,27.1,27.1,26.9,0
52417,72,65.7,54,45,31.3,16,57,30.9,13,24,16.4,0,26.9,26.8,26.7,0
52517,66,55.5,44,41,32.8,29,64,44.1,28,16,9.5,3,26.8,26.8,26.8,0
52617,72,59.7,49,44,40.5,34,80,53,25,21,10.3,3,27.1,26.9,26.8,0
52717,77,64,49,42,38.3,33,71,42.8,21,12,6.2,0,27.2,27.1,27.1,0
52817,84,70,56,42,38.8,32,56,35.5,15,9,5.3,0,27.2,27.2,27.1,0
52917,87,73.6,58,44,40.2,32,58,34.1,14,10,5.7,0,27.1,27.1,27,0
53017,92,78.2,62,48,41,34,50,29.2,13,36,10.9,0,27,26.9,26.8,0
53117,86,68.8,0,49,41.4,0,50,32.5,0,20,8.1,0,26.8,26.8,26.7,0
6117,68,63.2,59,56,50.3,46,83,63.6,50,17,6.6,0,27,26.9,26.8,0
6217,81,67.6,52,52,45.8,42,83,50.7,25,10,5.5,0,27.1,27.1,27,0.03
6317,91,75.8,63,54,45.9,38,52,36.5,15,16,9.5,5,27,26.9,26.9,0
6417,87,71.1,58,52,46.9,40,72,44.1,21,33,12,0,27,26.9,26.8,0
6517,76,63.1,50,50,41.9,32,89,51,22,12,7.2,0,27.1,27.1,27,0
6617,87,70.5,55,50,41.9,32,64,39.1,18,14,7.5,0,27.1,27,26.9,0
6717,97,78.3,62,53,47.5,42,54,35.9,16,16,7.3,0,26.9,26.8,26.7,0
6817,76,69,62,51,43.9,34,60,41.9,22,18,8.5,0,26.9,26.8,26.7,0
6917,73,61,50,47,40.9,32,80,52.5,22,18,6.5,0,26.9,26.9,26.7,0
61017,65,55.6,49,47,39.4,31,86,58.3,28,23,6.8,0,26.9,26.9,26.8,0
61117,62,52.6,44,53,40.2,0,100,67.3,0,25,10.4,3,26.9,26.8,26.7,0
61217,62,53.2,49,51,48.6,47,100,85.2,62,13,6.3,0,26.9,26.8,26.7,0.21
61317,68,56.7,48,48,42.9,39,93,63.6,35,18,8.2,0,27,27,26.9,0.96
61417,73,63,49,46,39,30,83,46,21,13,5.6,0,27.1,27.1,27,0
61517,78,67.6,57,49,41.8,38,59,40.8,27,12,6,0,27.1,27,27,0
61617,73,67.2,61,54,48,43,78,51.1,40,16,8.1,0,27.1,27.1,27,0
61717,76,66.1,55,47,43.1,35,74,46.1,23,13,7.7,0,27.1,27.1,27.1,0
61817,85,70.5,56,52,46.4,42,62,43.9,31,15,7.2,0,27.2,27.1,27.1,0
61917,95,79.6,62,53,49.9,44,70,39.6,17,14,6.8,0,27.1,27.1,26.9,0
62017,96,83.5,71,58,55,50,61,38.9,25,16,8.9,0,27.1,27,26.9,0
62117,85,74.3,62,51,43.4,31,58,35.9,15,18,13.6,6,27.1,27,27,0
62217,82,70.4,56,39,32.2,28,42,26,14,23,14.1,0,27.1,27.1,27,0
62317,83,68.9,51,38,33.1,27,54,29.9,13,14,6.2,0,27.2,27.2,27.1,0
62417,88,72.5,56,42,37.2,27,53,31.3,11,12,5.6,0,27.2,27.1,27.1,0
62517,97,79.5,61,45,39.2,28,46,27.5,9,13,6.6,0,27.1,27.1,27,0
62617,95,80.4,66,65,48.7,44,56,34.9,20,17,9.9,3,27,26.9,26.8,0
62717,89,76.2,62,52,46.7,40,65,38.6,19,18,8.6,0,27,26.9,26.8,0.12
62817,84,73.5,63,49,37.8,25,60,31.5,12,16,7.8,0,26.9,26.9,26.8,0
62917,83,70.8,56,43,39,37,53,33.3,20,20,8.4,0,27.1,27,26.9,0
63017,89,75.6,59,44,40.3,34,55,31,14,13,7.2,0,27.1,27.1,27,0
7117,94,80.1,64,51,43.7,35,48,30,13,10,5,0,27,26.9,26.9,0
7217,96,80.8,66,52,47.2,42,52,33.6,16,12,5.5,0,27,26.9,26.9,0
7317,96,81.4,66,53,47.5,44,52,32.4,17,15,7.7,0,27.1,27,27,0
7417,101,82.4,64,51,47.1,43,50,31.5,15,10,4.9,0,27.1,27,26.9,0
7517,99,84.3,68,51,45.5,37,52,28.6,12,12,6.5,0,27.1,27,26.9,0
7617,101,85.8,69,45,41,35,39,23.1,11,10,6.2,0,27.2,27.1,27.1,0
7717,101,87.7,72,51,44.9,42,37,24,13,13,7,0,27.1,27.1,27,0
7817,103,87.5,70,54,49.3,45,47,28.5,14,10,6.2,0,27.1,27,26.9,0
7917,101,89.6,74,51,47.7,41,45,24.8,13,15,6.7,0,27,26.9,26.9,0
71017,94,82.8,68,50,46,43,42,28.6,18,13,7.4,0,27,26.9,26.9,0
71117,90,77.5,61,49,38.8,35,47,26.8,15,15,9.4,3,27,27,26.9,0
71217,97,80.9,62,45,41.4,38,46,26.7,14,14,5.3,0,27,27,26.9,0
71317,100,85.8,72,48,43.2,40,37,23.8,13,13,6.6,0,27.1,27,26.9,0
71417,101,85.8,68,52,48.5,44,53,29.4,15,9,5.3,0,27.1,27.1,27,0
71517,99,86.6,69,53,47.6,43,49,27,15,16,8.2,0,27.1,27,26.9,0
71617,91,78.8,66,49,40.4,29,43,27.6,11,13,9,5,27.1,27,26.9,0
71717,93,76.2,61,44,39.6,36,50,29.9,14,14,7.5,0,27,26.9,26.9,0
71817,94,79.7,61,43,40.1,36,46,26.7,13,9,5.2,3,27,27,26.9,0
71917,95,80.2,63,45,39.5,33,48,26.2,11,13,6.3,0,27.1,27,26.9,0
72017,91,78.8,62,45,39.3,34,41,25.7,15,17,8.2,0,27.1,27,26.9,0
72117,94,76.8,58,48,41.4,35,58,32.1,13,18,6.9,0,27.1,27.1,27,0
72217,94,77.5,60,45,40.4,33,52,30.1,12,16,6.4,0,27.2,27.1,27,0
72317,98,81.3,65,46,40.7,36,40,25.3,12,12,5,0,27.1,27,26.9,0
72417,98,82.6,70,54,45.2,39,40,27.5,16,15,7.1,0,27,26.9,26.9,0
72517,94,82.6,73,50,48.2,45,44,31.1,20,13,6.7,0,27,27,26.9,0
72617,92,81.9,72,58,52.4,49,61,37.3,24,15,8.3,0,27.1,27.1,27,0
72717,93,80.7,69,54,49.2,41,57,36.2,17,10,4.4,0,27.1,27.1,27,0.02
72817,98,86.6,69,53,45.1,36,44,25.1,11,16,6.1,0,27.1,27,27,0
72917,100,84.9,69,48,44.5,37,44,25.9,11,13,6.6,0,27.1,27,27,0
73017,98,84.1,68,52,47,43,43,28.8,16,14,5.4,0,27.2,27.1,27.1,0
73117,99,82.2,66,50,45.5,42,47,29.8,14,13,6.5,3,27.2,27.1,27.1,0
8117,95,82.6,67,54,45.2,37,37,27.5,19,10,4.6,0,27.1,27.1,27,0
8217,101,85.5,67,53,45.1,38,42,26.3,12,13,6.5,3,27.1,27,27,0
8317,98,83,68,49,41.9,32,39,25.1,10,12,5.6,0,27.1,27,26.9,0
8417,98,82.6,66,45,39.7,36,38,23.3,12,14,7.1,0,27,26.9,26.8,0
8517,93,81.6,62,47,39.5,34,46,24.5,12,15,7.6,0,27,26.9,26.9,0
8617,90,78.6,67,49,43.6,38,45,29.9,18,10,5.3,0,27,27,26.9,0
8717,91,80.8,72,48,43,40,36,27.1,17,13,7.1,0,27.1,27,27,0
8817,94,79.8,66,49,44.9,39,47,30.9,15,17,5.5,0,27.1,27,27,0
8917,91,79.3,67,51,48.5,43,53,35.4,23,15,7.5,0,27.1,27,27,0
81017,94,81.1,68,48,45.4,43,47,29.8,18,14,8,0,27.1,27.1,27,0
81117,97,83.5,69,47,44.8,40,44,27.5,15,12,6.6,0,27,27,26.9,0
81217,97,84.3,71,49,44.3,42,38,25.8,15,12,8.8,0,27,26.9,26.8,0
81317,82,72.7,62,58,50.8,45,86,48,30,20,7.8,0,27,26.9,26.9,0
81417,78,67.8,59,57,51.4,44,87,59.5,30,10,4.5,0,27,26.9,26.9,0.07
81517,87,71.9,55,45,39.8,33,57,34.5,15,12,6.1,0,27,26.9,26.9,0
81617,88,73.5,59,42,38.2,34,48,29.5,15,13,6.8,0,27.1,27,26.9,0
81717,87,73.5,59,48,40.1,29,50,32.3,13,16,6.1,0,27.1,27.1,27,0
81817,91,75.7,60,44,35.7,27,46,26.6,10,13,6.4,0,27.1,27.1,27,0
81917,87,73.2,59,44,36.4,28,37,27.5,15,14,7.5,0,27.1,27,27,0
82017,85,70.4,55,43,38.4,31,55,34.3,14,13,5.9,0,27.1,27,27,0
82117,88,72.3,57,44,39.7,36,53,32.9,17,9,4.4,0,27.1,27.1,27,0
82217,93,77,62,50,42.5,38,41,30.5,18,12,5.9,0,27.1,27.1,27,0
82317,90,78.4,69,51,45.6,40,43,31.9,22,24,10.1,0,27.1,27,27,0
82417,92,77.2,66,63,51.9,42,63,44.6,18,36,7.9,0,27,26.9,26.9,0
82517,90,75,60,54,50.9,46,70,45.8,22,13,5.7,0,27,27,26.9,0.1
82617,95,76.8,61,51,44.9,34,60,35.9,12,13,4.9,0,27.2,27.1,27,0
82717,98,81,63,48,41,36,41,25.7,14,12,5.4,0,27.2,27.1,27.1,0
82817,96,80.5,66,53,44.3,37,42,28.5,17,16,7.3,0,27.1,27,27,0
82917,98,84.2,69,50,43.3,38,49,25.5,12,10,6.8,3,27.1,27,26.9,0
83017,96,83.8,72,48,42.2,37,31,23.6,15,17,9.9,0,27,27,26.9,0
83117,88,77.2,66,52,45.1,39,54,33.8,18,24,7.7,0,27.1,27,27,0
9117,92,74.7,57,45,40.8,36,53,32.7,14,14,5.5,0,27.2,27.1,27.1,0
9217,97,80.6,67,50,42.5,39,37,27.1,15,13,6.7,0,27.2,27.1,27,0
9317,98,81.5,66,52,46.1,42,42,30.2,16,10,5,0,27.1,27.1,27,0
9417,96,80.7,67,51,45.5,41,47,30.7,17,10,5.4,0,27.1,27.1,27,0
9517,89,78.5,69,50,42.4,35,47,28.7,19,15,6.6,0,27.1,27.1,27,0
9617,90,76.2,66,55,43.7,36,57,33,19,15,6.9,0,27.1,27,26.9,0
9717,89,77.1,63,50,45.3,42,52,33.6,22,13,6,0,27,26.9,26.9,0
9817,91,78.4,68,55,50.1,46,53,37.8,23,14,5.8,0,27,26.9,26.9,0
9917,89,78.2,69,56,50.8,48,57,39.5,26,12,5,0,27.1,27,26.9,0
91017,88,73.5,59,52,48.9,45,70,44.8,23,17,5.9,0,27.2,27.1,27.1,0
91117,89,73.8,59,50,46,43,63,39.8,21,7,2.9,0,27.2,27.1,27.1,0
91217,87,76.4,64,53,45.5,41,54,34.2,23,10,5.2,0,27.1,27,26.9,0
91317,86,75.8,67,56,50.6,43,66,43.3,25,16,6.6,0,27,26.9,26.8,0
91417,76,65.6,59,49,38.1,32,48,36.6,27,18,8.1,0,26.9,26.8,26.8,0
91517,68,59.2,52,39,34.1,30,51,40.1,24,23,15.5,7,27.1,27,26.9,0
91617,65,53.9,41,33,29.8,24,70,43.2,23,9,4.5,0,27.2,27.1,27.1,0
91717,78,63.4,50,33,28.8,26,49,29.3,16,16,9.2,3,27.1,27,26.9,0
91817,68,58.6,50,53,46,27,90,66.3,21,18,6,0,26.9,26.9,26.8,0
91917,59,51.3,46,44,39.9,33,90,67.2,38,13,6.1,0,27,26.9,26.9,0.18
92017,62,53,48,48,41,33,86,65.4,38,18,10.8,0,26.9,26.8,26.7,0.09
92117,57,50.9,47,45,39.5,31,93,68.2,39,15,6.5,0,26.9,26.9,26.8,0.16
92217,51,45.1,42,41,39.7,37,93,81.5,63,14,6.7,0,27,27,26.9,0.02
92317,60,48.1,36,40,36.1,34,93,66.5,38,14,6.3,0,27.1,27.1,27,0.04
92417,67,50.9,36,35,32.9,28,86,55.6,23,20,7.8,0,27.1,27.1,27,0
92517,66,53.4,40,38,34.5,31,83,52.3,27,9,5.2,0,27.1,27.1,27.1,0
92617,71,60,51,40,38.4,36,63,46.6,29,10,5.7,0,27.2,27.1,27.1,0
92717,75,61.7,48,42,38.8,34,77,46.8,24,10,5,0,27.2,27.2,27.1,0
92817,77,62.4,50,42,38,35,71,44.3,23,13,5.1,0,27.2,27.1,27.1,0
92917,81,66.5,50,42,37.1,32,66,37,17,14,6.1,0,27.1,27,26.9,0
93017,66,59.9,53,51,40.2,29,86,51.5,25,21,10.6,0,27,27,27,0.01
10117,58,48.3,41,40,35.6,30,85,63.2,37,17,7.8,0,27.1,27,27,0.01
10217,59,45.6,35,37,34.5,31,89,68,37,13,4.5,0,27.1,27,27,0.04
10317,60,48.1,37,35,33.5,31,82,59.6,36,13,5.2,0,27.2,27.1,27.1,0
10417,55,47.4,40,39,35,32,77,62.8,51,13,6,0,27.2,27.1,27.1,0
10517,62,50.8,40,37,34.4,31,77,55.3,32,10,4,0,27.2,27.2,27.1,0
10617,69,54.5,41,36,32.4,28,79,48.3,22,14,6.3,0,27.2,27.1,27,0
10717,69,56.3,44,35,32.8,30,63,42.7,27,17,10.6,0,27,26.9,26.9,0
10817,58,48.4,42,37,30.7,24,76,52.6,30,20,12,0,27.3,27.1,26.9,0.02
10917,59,45.6,32,28,25,20,79,49,24,10,4.8,0,27.4,27.3,27.2,0
101017,68,55.5,41,26,20.4,17,49,28.4,15,23,13.5,6,27.2,27,26.9,0
101117,57,51.5,43,33,25.7,20,60,37.6,25,15,8.8,0,27.1,26.9,26.8,0
101217,52,44,33,30,25,19,72,49.5,28,8,4.9,0,27.2,27.2,27.1,0
101317,49,42.9,36,39,35.3,28,93,75.7,48,18,6,0,27.3,27.1,27.1,0.02
101417,49,38.6,29,31,27.4,25,89,66.9,39,10,4.7,0,27.5,27.5,27.3,0.14
101517,61,45.8,34,30,27.7,24,78,53.1,25,12,5.7,0,27.5,27.4,27.3,0
101617,64,49.1,37,32,27.9,25,73,47.2,25,14,4.2,0,27.4,27.3,27.3,0
101717,65,50,39,34,30.5,28,70,49.5,25,9,3.7,0,27.2,27.2,27.1,0
101817,76,57.4,41,32,29.2,26,65,38.7,16,15,8.4,0,27.1,27.1,26.9,0
101917,77,61.3,48,29,21.7,9,44,25.9,8,13,9.2,0,26.9,26.8,26.6,0
102017,62,47.9,41,43,25.6,0,100,45.2,0,31,13.3,5,27.1,26.8,26.5,0
102117,50,41.9,34,42,33.6,28,93,73.7,44,17,8.9,0,27.2,27.2,27.1,0.17
102217,63,52.3,47,47,42.4,39,90,70.2,48,16,10,0,27.4,27.3,27.2,0.17
102317,59,45.5,38,44,39.4,31,100,82.7,35,14,4,0,27.6,27.5,27.4,0
102417,62,49.5,38,39,36.2,33,83,62.3,39,10,5.1,0,27.6,27.6,27.4,0
102517,62,49.7,40,40,37.7,35,86,65.3,39,12,5,0,27.4,27.2,27.1,0
102617,67,52.2,40,45,39.3,36,89,64.5,34,14,4,0,27.2,27.2,27.1,0
102717,63,50.6,41,41,39,36,86,66.2,41,14,6.3,0,27.3,27.2,27.2,0
102817,67,53.7,43,41,38.9,37,80,60.2,33,12,7.2,0,27.2,27.2,27.1,0
102917,64,52,42,42,39.7,37,82,64.6,41,10,3.7,0,27.1,27,26.9,0
103017,55,48.4,39,41,28.5,20,71,47.7,31,15,7.8,0,27.1,27,26.9,0
103117,57,42.6,30,31,23.9,13,79,53.1,18,12,4.3,0,27.1,27,26.9,0
11117,63,50.6,41,33,25.7,20,47,38.6,28,18,8.7,0,26.9,26.8,26.7,0
11217,60,49.7,43,38,34.2,28,82,56.7,38,13,6.4,0,26.9,26.9,26.8,0
11317,54,43.3,38,39,37.7,35,100,82,49,15,8.7,0,27,26.9,26.8,0
11417,43,38.2,35,37,31.9,23,97,80.3,47,9,4,0,27,27,26.9,0.34
11517,44,38,32,36,31.4,26,89,77.6,53,21,9.7,0,27,27,26.9,0
11617,43,37.4,29,35,29.9,23,93,75.8,45,15,6.1,0,27.3,27.2,27,0.1
11717,43,34.5,27,27,23.2,21,85,64.6,43,15,8.6,0,27.4,27.3,27.2,0.01
11817,49,40.5,32,25,23.8,22,73,53.1,36,20,12.1,3,27.2,27.1,27,0
11917,61,46.5,40,43,31.5,24,93,59.8,28,33,12.1,0,27,26.9,26.9,0
111017,53,43.6,37,42,38.5,34,96,83.7,50,14,5.8,0,27.1,27,27,0.08
111117,53,44.4,37,40,36.5,32,93,75.5,52,13,7,0,27.2,27.1,27.1,0.25
111217,49,42.9,35,37,33,29,78,68.4,56,14,7,0,27.1,27.1,27.1,0.01
111317,59,48.4,38,41,33.5,30,80,59.2,33,22,10.6,0,27.1,27,27,0
111417,50,43.5,38,42,33.5,27,100,70.5,43,20,6.9,0,27.3,27.2,27,0.2
111517,49,43.3,36,42,32.8,26,86,67.2,53,21,13.5,0,27.1,26.9,26.8,0
111617,53,47.7,42,44,37.4,29,86,69.1,46,18,9.5,0,26.8,26.8,26.7,0.19
111717,46,40.2,30,34,27.2,21,76,61,39,23,9.5,0,27.3,27.1,26.8,0.02
111817,47,36.7,30,24,23,21,79,59.5,37,15,10.6,8,27.4,27.3,27.3,0
111917,49,39,30,28,24.2,21,72,56.6,38,13,6.6,0,27.3,27.1,27,0
112017,49,45.8,39,42,36,27,86,69.9,46,18,12,0,27.1,27,26.9,0
112117,57,51,43,49,45.7,41,93,82.3,69,13,7.4,0,27.3,27.2,27.1,0.1
112217,63,53.5,48,52,49.2,47,97,85.9,63,13,4.2,0,27.3,27.3,27.2,0.06
112317,65,53.7,46,47,45.1,44,97,75.5,48,14,6.4,0,27.2,27.1,26.9,0
112417,52,47.7,39,49,39.1,27,97,74.6,39,14,7.2,3,27.2,27.1,27,0.16
112517,49,44.3,39,39,32.9,28,76,64.5,54,13,7.3,0,27.2,27.1,27.1,0.09
112617,60,52.4,41,40,35.8,33,86,56.1,36,16,7.9,0,27.1,26.9,26.8,0
112717,59,44.2,33,40,31.3,23,79,61.5,46,23,11.7,3,27.2,27,26.8,0
112817,49,39,28,32,23.3,19,85,56.6,32,22,10.9,5,27.2,27.2,27.1,0
112917,42,35.3,29,32,27.1,23,82,72.8,57,10,4.8,0,27.4,27.4,27.2,0
113017,39,32.3,28,29,25.6,21,89,77,64,13,6.1,0,27.4,27.3,27.2,0
12117,42,34.5,28,34,29.8,25,92,83.1,73,10,2.9,0,27.2,27.2,27.1,0
12217,42,35.3,29,34,31.3,26,96,85.8,70,9,3.8,0,27.1,27,26.9,0
12317,41,35.5,33,35,32.3,25,100,89.2,60,23,8.5,0,27.2,26.9,26.8,0.07
12417,40,33.4,27,26,23.2,20,79,67.2,45,15,7.1,0,27.4,27.4,27.2,0.25
12517,38,29.1,23,24,21.1,18,85,72.7,57,9,3.4,0,27.6,27.5,27.5,0
12617,37,28.5,24,24,20.9,19,85,73.9,57,12,6.7,0,27.7,27.7,27.6,0
12717,31,24.5,20,24,20.7,17,96,85.7,75,8,2.7,0,27.7,27.7,27.7,0
12817,30,26.6,21,24,21.4,17,89,81.1,72,8,2.8,0,27.7,27.7,27.7,0
12917,30,28.5,27,22,20.9,20,78,73.3,72,10,5.8,0,27.7,27.7,27.6,0
121017,28,26.1,25,21,20.1,19,81,78,75,8,3.7,0,27.7,27.7,27.6,0
121117,25,24.3,23,21,20.4,19,92,85.3,80,7,3.2,0,27.7,27.6,27.6,0
121217,25,23.4,22,21,20.9,20,96,89.9,84,8,3.4,0,27.6,27.6,27.5,0
121317,26,23.6,22,23,20.9,19,96,89.4,85,14,4.4,0,27.5,27.4,27.4,0
121417,27,26,25,24,22.1,21,89,85.2,80,15,7.2,0,27.6,27.5,27.4,0
121517,28,26.8,26,25,23,21,92,85.2,78,13,7.4,0,27.4,27.2,27.1,0
121617,36,26.5,20,26,22.8,19,96,86.3,67,22,8.7,0,27.2,27.1,27.1,0.05
121717,37,29.1,18,25,19.7,15,88,69.3,52,7,3.6,0,27.3,27.2,27.2,0
121817,44,35.5,30,28,26.3,24,85,69.8,51,6,2.6,0,27.2,27.2,27.2,0
121917,51,42.8,30,29,26.5,23,88,55.8,33,18,12.3,3,27.1,26.9,26.7,0
122017,47,33.9,28,32,27.6,21,100,79.5,46,26,9.5,0,27.2,26.9,26.8,0.11
122117,35,29.2,22,21,18.6,16,82,65.5,48,16,10.2,0,27.3,27.3,27.2,0.01
122217,38,32.2,28,31,25.8,19,96,78.9,54,9,4.6,0,27.2,27.2,27.1,0
122317,32,29.3,11,31,26.4,5,96,89.2,58,16,7.3,0,27.4,27.2,27.1,0.19
122417,22,19.4,10,19,14.8,4,93,82.6,63,9,2.9,0,27.4,27.3,27.2,0.11
122517,27,22.6,21,22,20,19,96,90.1,81,8,2.5,0,27.3,27.2,27.2,0.23
122617,29,22.6,17,21,17.8,13,100,82.3,69,8,1.4,0,27.3,27.3,27.2,0.03
122717,29,24.6,21,23,20.9,18,92,85.8,78,6,2.1,0,27.3,27.3,27.2,0
122817,29,21.7,16,23,18.8,13,100,88.4,75,7,2,0,27.3,27.3,27.2,0
122917,35,28.6,24,28,24.3,22,92,84,75,6,1.7,0,27.2,27.1,27,0
123017,43,35.3,25,31,27.6,19,88,74.3,55,13,6.3,0,27.3,27.1,27,0
123117,35,26.8,21,24,18.4,14,78,70.9,57,10,4.1,0,27.4,27.3,27.3,0.02
1118,34,25.7,20,24,19.9,16,89,79.2,64,8,2.7,0,27.4,27.4,27.3,0
1218,34,27,20,23,19.9,16,89,75,61,16,7.9,0,27.5,27.5,27.4,0
1318,34,27,21,21,18.8,16,89,71.8,59,10,2.7,0,27.4,27.3,27.3,0
1418,35,27.1,20,24,20.8,15,88,77.9,54,6,1.8,0,27.3,27.2,27.2,0
1518,40,32.7,27,30,26.3,23,88,78.2,57,15,2.5,0,27.3,27.2,27.2,0
1618,38,33.6,31,33,31.1,29,96,90.4,79,17,4.3,0,27.2,27.2,27.1,0.08
1718,44,30.9,26,34,28.1,25,100,89.7,65,10,4.1,0,27.2,27.2,27.1,0.01
1818,46,36.9,29,34,31.7,27,92,82,63,12,3.6,0,27.1,27,26.9,0
1918,47,42.5,35,42,39.9,33,100,90.6,79,15,7.6,0,26.9,26.7,26.7,0.07
11018,43,37.8,34,38,30.1,23,97,75.7,47,12,7.5,0,27.1,26.9,26.8,0.38
11118,46,39.7,34,39,32.5,25,86,75.6,67,18,10.7,0,27.1,27.1,27,0.01
11218,51,43.4,36,38,34.5,31,93,72.1,50,9,4.8,0,27.4,27.3,27.1,0.06
11318,49,39.5,33,34,32.3,30,89,76.3,56,9,3.9,0,27.5,27.4,27.4,0
11418,50,39.6,35,36,31.9,30,89,74.8,54,14,5.5,0,27.5,27.4,27.3,0
11518,46,38.6,31,34,30.9,28,92,74.5,58,12,6,0,27.3,27.3,27.2,0
11618,44,37.5,33,37,32,27,100,81.1,70,13,6.2,0,27.4,27.3,27.2,0
11718,50,35.1,28,34,31.2,28,100,87.3,54,16,7.5,0,27.4,27.3,27.1,0.07
11818,57,46,39,38,35.7,32,96,69.1,47,21,13.4,0,27.1,26.9,26.9,0
11918,44,38.1,30,37,32.6,25,100,82.3,53,14,5.8,0,27,26.9,26.9,0.36
12018,41,34.1,27,28,26,23,89,73.3,57,13,5.3,0,27.2,27.1,27,0.09
12118,44,34.9,26,32,25.1,22,89,69.3,47,13,7,0,27.3,27.2,27.2,0
12218,45,37,31,36,31.4,27,92,81.2,55,16,8.9,0,27.3,27.2,27.2,0.06
12318,43,36.6,30,29,25.7,23,85,65.6,51,15,10,5,27.3,27.2,27.1,0.05
12418,49,44.6,40,27,25.3,22,58,47.4,35,20,13.5,7,27.1,26.9,26.8,0
12518,44,38.3,33,33,28.2,19,96,69.4,37,17,9.1,0,27,26.9,26.8,0
12618,43,36,32,30,27,22,89,71.2,45,12,7.6,0,27.3,27.2,27.1,0.06
12718,40,37.1,35,37,30.5,24,93,77.5,59,16,11.5,6,27.4,27.3,27.2,0
12818,54,38.9,32,42,36.1,32,100,91.3,57,10,3.1,0,27.5,27.5,27.4,0.06
12918,50,38.4,33,38,34.4,31,100,87.9,48,17,4.3,0,27.5,27.4,27.1,0
13018,57,47.4,37,35,29.3,21,65,50,37,21,12.5,6,27.1,27.1,27,0
13118,43,37.3,32,27,25,22,79,62.5,45,9,3.5,0,27.2,27.2,27.1,0
2118,49,41.5,34,31,25.6,22,70,54.8,36,6,2,0,27.3,27.3,27.2,0
2218,58,48.6,43,44,38.6,34,86,69.3,51,10,4.4,0,27.3,27.2,27.2,0
2318,60,49,39,40,37.3,35,97,66.6,42,14,6.5,0,27.2,27.2,27.2,0
2418,59,50.1,43,44,39.7,35,77,67.7,49,8,3.1,0,27.2,27.1,27.1,0
2518,53,46.1,36,39,32.4,27,79,60.6,37,14,6.6,0,27.1,27.1,27,0
2618,51,38.6,0,31,27.4,0,85,62.3,0,10,4.9,0,27.3,27.2,27.1,0
2718,58,44.9,34,34,30.5,27,75,59,37,12,6.9,3,27.4,27.4,27.3,0
2818,59,48.9,41,36,34,32,73,58.1,36,12,6.8,0,27.3,27.2,27.1,0
2918,50,43.3,36,32,26.9,21,73,54,36,21,8.5,0,27.1,27.1,27,0
21018,44,35.2,27,24,19.3,14,75,54.5,30,22,11.9,0,27.2,27.1,27,0
21118,43,33.8,27,22,16.6,12,67,50.7,28,18,9.5,0,27.2,26.9,26.8,0
21218,45,34,26,28,22.3,16,92,65.8,33,16,7.6,0,27.2,27,26.8,0
21318,43,31.8,20,23,19,13,81,60.9,40,12,5.8,0,27.3,27.3,27.2,0
21418,42,34.5,32,34,29.3,21,100,83.8,45,21,7.3,0,27.1,27,27,0
21518,41,33.3,30,32,24.7,0,100,73,0,14,7,0,27.4,27.3,27.1,0.26
21618,40,33,26,26,21.3,18,75,63.2,46,14,6.6,0,27.4,27.3,27.2,0
21718,53,41.5,32,32,28.8,26,79,62.1,43,21,12.2,3,27.2,27,26.7,0
21818,44,35.6,26,32,24.5,17,85,66,38,25,10.6,0,26.7,26.7,26.7,0
21918,32,24,15,20,12.7,1,88,64.6,31,24,11.9,0,27,26.8,26.7,0
22018,27,20,10,5,2.4,0,70,48.6,33,12,6.1,0,27.2,27.1,27.1,0
22118,36,28.9,23,21,10.3,4,64,46.7,35,14,7.5,0,27.2,27.1,27,0
22218,33,26.4,17,26,21.7,12,93,83,54,13,6.4,0,27.1,27,27,0.08
22318,30,21.7,10,14,11,6,84,64.9,43,16,6.9,0,27.3,27.2,27.1,0.16
22418,32,27.7,23,29,23,12,93,82.9,60,17,11.1,3,27.2,27,26.9,0
22518,36,28.7,16,27,23.1,11,89,80.1,61,22,11,3,27.2,27.1,26.9,0.14
22618,38,31.8,23,31,23.7,15,96,73.7,46,21,12,0,27.1,26.9,26.9,0.03
22718,34,24,14,14,11.6,6,84,61.3,32,9,4.4,0,27.2,27.1,27.1,0.01
22818,39,31.3,24,21,16,11,65,53.6,45,20,13.8,9,27.1,27.1,27,0
3118,47,37.9,32,32,24.1,0,92,58.1,0,24,20.5,15,27,26.8,26.6,0.01
3218,44,38.3,33,32,23.1,12,85,56.7,29,25,11.2,0,26.9,26.8,26.6,0.06
3318,40,34.7,27,31,24.4,16,85,67,48,14,8.4,0,27,26.9,26.9,0.02
3418,42,31.1,23,29,23.3,18,96,74.5,47,15,5.8,0,27.3,27.1,27,0.02
3518,46,35,26,23,20.5,19,75,57.3,37,12,7.5,0,27.3,27.3,27.3,0.02
3618,50,38,29,22,18.5,17,61,47,28,17,11.5,8,27.3,27.3,27.3,0
3718,55,39.3,26,25,20.7,16,75,50,24,15,7.5,0,27.3,27.2,27,0
3818,58,47,36,31,25.9,21,59,44.9,30,15,9.5,3,27,27,26.9,0
3918,53,45.4,38,40,33.3,29,80,63.1,44,15,7.9,0,27,27,26.9,0
31018,57,44.1,31,32,27.8,21,89,57.3,29,14,8.1,0,27.1,27.1,27,0.08
31118,59,48,40,30,26.6,24,62,44.9,27,9,4.1,0,27.2,27.2,27.1,0
31218,62,48.6,37,33,28.3,24,70,48.1,27,14,8.8,0,27.3,27.2,27.1,0
31318,68,53.4,38,45,30.5,26,77,44.8,23,25,17.7,9,27.1,26.9,26.8,0
31418,54,46.2,41,45,39.5,33,97,78.5,52,22,9.7,0,26.9,26.8,26.8,0.44
31518,50,41.3,38,37,31.5,22,93,71.1,33,12,6.4,0,26.9,26.8,26.8,0.22
31618,49,41.4,36,32,30.2,26,86,65.1,50,18,13.4,6,26.9,26.8,26.7,0
31718,45,37.2,34,32,30.8,26,89,78.8,48,13,4.9,0,27,26.8,26.7,0.02
31818,49,39.7,36,32,29.6,24,86,69.4,38,10,4.7,0,27.2,27.1,27,0.07
31918,52,42.9,34,28,26.2,24,76,54,34,13,7.1,3,27.2,27.1,27.1,0
32018,51,45.5,40,35,30.4,26,71,56.2,48,13,7.1,0,27.1,27.1,27,0
32118,60,51.3,43,45,36.4,28,80,57.9,44,25,15.8,8,26.9,26.9,26.8,0
32218,57,51.3,43,50,43.8,35,89,76,57,20,12.9,5,26.9,26.8,26.7,0.14
32318,52,43.8,34,36,31.7,27,92,65.2,41,13,4.8,0,27,26.9,26.9,0.37
32418,48,42.6,38,31,20.8,14,67,43.4,26,20,7,0,27,26.9,26.8,0
32518,43,35.3,32,32,30.1,22,100,82.8,50,15,4.3,0,27.1,27,26.9,0
32618,47,37.5,28,28,23.6,19,85,60.6,33,18,6.5,0,27.3,27.2,27.1,0.33
32718,56,44,31,36,28.2,22,69,55,40,12,6.5,0,27.3,27.3,27.2,0
32818,58,48.9,39,37,30.5,24,79,52.9,27,20,10.3,0,27.3,27.2,27.1,0
32918,57,40,0,32,25.2,0,76,44.4,0,13,6.8,0,27.3,27.2,27.2,0
33018,64,52.1,40,33,30.7,28,68,46.8,26,9,4.8,0,27.2,27.1,27.1,0
33118,60,52,43,37,34,27,71,51.6,34,17,6.8,0,27.1,27.1,27,0
4118,59,49,36,39,33.7,31,83,58.1,39,8,3.4,0,27,26.9,26.7,0
4218,54,41.3,32,39,23.6,12,86,52.4,28,26,17.5,6,27.1,26.9,26.7,0.03
4318,53,42.2,30,21,16,9,64,38.6,18,16,11,5,27.2,27.1,27,0
4418,62,51.4,42,37,30.5,24,55,45.3,32,10,4,0,27.1,27.1,27,0
4518,60,53.6,48,48,38.5,26,89,57.6,39,8,2.9,0,27.1,27,26.9,0
4618,59,51.8,48,47,44.9,41,93,78.8,53,7,2,0,27,26.9,26.9,0.21
4718,63,55.4,50,51,42.6,27,86,64.5,27,37,15.4,3,26.9,26.7,26.6,0.03
4818,55,50.1,42,36,33.3,30,76,52.9,40,18,8,0,27.2,27,26.9,0.15
4918,62,48.7,35,35,31.7,26,89,57.1,26,12,5,0,27.3,27.3,27.2,0.01
41018,69,55.7,46,42,35.6,30,61,48.1,30,20,11.8,5,27.2,27,26.9,0
41118,63,54.3,43,41,37.3,33,89,55.9,34,22,7.3,0,27,26.8,26.6,0
41218,53,41.6,33,42,30.5,21,96,68.3,32,25,14.5,6,27.1,26.8,26.6,0
41318,53,44.9,35,35,28.7,25,76,55,35,14,6.7,0,27.4,27.3,27.2,0.15
41418,60,52.4,45,39,32.1,22,74,48.5,23,13,6.6,3,27.3,27.2,27.1,0
41518,68,58.4,47,38,32.7,29,63,40.2,23,20,11.5,3,27,26.8,26.6,0
41618,56,46.3,39,42,30.6,21,90,57.2,32,14,6.7,0,26.9,26.8,26.6,0.2
41718,53,42.1,33,28,23.1,18,82,50.4,26,18,7.5,0,27.2,27.1,26.9,0
41818,62,50.5,37,29,21.4,18,59,34.7,19,20,11.8,6,27.2,27.1,27,0
41918,68,54.8,43,35,30,27,74,42.8,22,25,11.3,0,27,27,26.9,0
42018,68,54.8,42,34,29.3,23,62,40.7,20,22,11.5,0,27.1,27.1,27,0
42118,70,57.7,45,35,33.4,32,61,42.3,26,15,8.8,3,27.2,27.1,27.1,0
42218,65,52.6,41,33,27.3,21,54,39.3,21,22,11.5,3,27.2,27.1,27,0
42318,64,51.5,38,30,27.2,25,60,41,26,20,11.8,5,27.2,27.2,27.1,0
42418,68,55.8,44,38,32.7,28,71,44.8,22,15,8.6,3,27.4,27.3,27.2,0
42518,76,60.3,45,36,32.1,25,58,37.6,16,14,6.6,0,27.2,27.2,27.1,0
42618,81,64.3,48,41,34.4,31,56,36.3,17,14,7.5,0,27.2,27.1,27,0
42718,90,69.5,51,44,36.2,26,57,33.3,10,20,9.8,0,27,26.8,26.7,0
42818,66,59.9,50,45,34,26,62,39.8,23,17,10.7,0,26.9,26.9,26.8,0
42918,58,50.3,45,41,36.8,32,74,61,37,20,10.4,3,26.9,26.9,26.9,0
43018,59,48.5,38,40,35.3,31,86,62.6,35,20,11.3,6,27,26.9,26.9,0
5118,64,51.8,38,35,33.1,31,79,52.4,30,18,9,0,26.9,26.9,26.9,0
5218,69,54.2,36,36,33.1,30,86,49.5,25,21,8,0,27.1,27,26.9,0
5318,74,58.9,42,37,34.6,29,73,43.8,20,13,5.8,0,27.2,27.1,27,0
5418,81,61.4,0,43,35.6,0,59,35.9,0,9,4.8,0,27.2,27.2,27.1,0
5518,80,67.9,55,45,42,39,59,40.4,25,12,6,0,27.1,27.1,27,0
5618,82,68.3,53,49,44.2,41,74,44.9,24,18,9.3,0,27.1,27,26.9,0
5718,78,64.2,48,44,40.8,37,71,45.2,23,17,6.6,0,27.2,27.1,27.1,0
5818,84,69.3,52,45,41.3,36,69,40.4,20,9,3.4,0,27.2,27.1,26.9,0
5918,76,68.7,59,51,47,42,69,47.6,31,18,7.8,0,27,27,26.9,0
51018,68,58.3,49,47,41.8,33,83,57,30,25,10.7,0,27,26.9,26.9,0
51118,58,49.9,43,46,40,33,86,69.7,49,21,10.8,0,27,26.9,26.9,0
51218,64,53.8,45,48,43.5,40,90,69.8,45,17,6.6,0,26.9,26.9,26.9,0.19
51318,67,55.8,49,49,46.5,43,93,72.7,45,26,8.2,0,27.1,27,27,0.09
51418,77,62.4,47,50,42.9,34,89,54.8,23,10,4.8,0,27.1,27,27,0.17
51518,77,65.1,56,53,46.7,42,72,53,31,20,10.3,3,27,27,26.9,0
51618,76,64.3,56,54,44.9,0,93,53.3,0,26,8.9,0,27,26.9,26.9,0.13
51718,69,61.1,55,54,51,0,96,72.5,0,15,5.3,0,27,26.9,26.9,0.3
51818,75,63.6,55,54,48.7,37,90,62.9,26,14,5.3,0,27,26.9,26.9,0
51918,78,65.1,52,48,46,40,83,53.8,25,9,5.7,0,27,26.9,26.9,0
52018,71,63.3,57,57,51.4,45,89,66.2,51,13,6.8,0,27,26.9,26.9,0
52118,77,66,54,55,52.4,49,93,65.3,37,12,3.9,0,27,26.9,26.9,0.11
52218,79,67.3,55,53,50.3,44,84,57.3,29,21,6.5,0,26.9,26.9,26.8,0
52318,80,67.7,60,59,51.9,46,87,59.8,30,21,6.6,0,26.9,26.9,26.8,0
52418,84,70.8,57,56,51.6,46,90,55.5,28,18,6.2,0,27.1,27,26.9,0.05
52518,87,70.2,60,55,50.6,37,72,52.3,17,28,8.5,0,27,26.9,26.7,0
52618,72,62,55,57,51.4,48,90,69.7,44,20,9.8,0,27,26.9,26.9,0
52718,82,65.2,50,59,42,0,90,50.6,0,22,10.2,0,27.1,27,26.9,0.05
52818,83,66.9,58,59,51.9,0,97,66.5,0,15,5.4,0,27.1,27,26.9,0.22
52918,84,70.5,54,51,43.1,37,75,41.3,19,14,5.9,0,27,26.9,26.8,0
53018,79,64.6,52,58,48.3,37,84,57.7,33,28,8.5,0,26.9,26.8,26.7,0
53118,68,60.2,54,53,48,42,83,65.4,43,17,8.4,0,26.9,26.8,26.7,0.02
6118,69,58,45,44,35.9,32,80,46.8,25,14,8.3,3,27.2,27.1,27,0
6218,82,67.4,51,41,36.2,32,57,35,17,10,5.9,0,27.3,27.2,27.1,0
6318,91,76.4,59,45,40.8,35,53,30.8,14,14,9.7,3,27.1,27,26.9,0
6418,87,74.3,59,49,46,41,69,38.5,24,21,9.1,0,27,26.9,26.8,0
6518,81,68.5,54,45,39.6,36,57,37.3,21,15,7.8,3,27,26.9,26.9,0
6618,90,72.3,56,48,43.1,34,62,38.2,14,13,6.1,0,26.9,26.9,26.8,0
6718,86,73,64,58,49,44,73,44.7,26,20,8.5,0,27,26.9,26.8,0
6818,89,73.1,56,54,49.1,40,87,49,18,14,5,0,27.1,27,26.8,0.03
6918,77,65.7,53,49,45.1,41,74,48.6,29,30,10.7,0,27,26.9,26.8,0
61018,64,53.9,45,42,32.8,24,86,49.8,24,20,7.6,0,27.1,27.1,27,0.02
61118,70,61.2,53,39,32,24,55,35.5,19,18,7.4,0,27.1,27.1,27,0
61218,83,66,47,31,26,13,52,27.1,7,13,5.1,0,27.2,27.1,26.9,0
61318,91,74.9,59,45,36.2,30,39,25.8,16,15,8.2,0,26.9,26.9,26.7,0
61418,75,65.4,54,45,35.6,23,53,35.6,16,18,12.8,0,27,26.9,26.8,0
61518,76,66.3,55,45,39.6,33,59,39.1,23,10,5.9,0,26.9,26.8,26.8,0
61618,77,66.4,54,45,39.8,32,64,40.6,21,9,4.5,0,26.8,26.8,26.8,0
61718,63,55.5,52,54,50.5,42,100,84.5,46,16,8.1,0,26.9,26.9,26.8,0
61818,74,64,55,53,50.9,48,93,64.7,42,15,7.2,0,27.1,27,26.9,0.21
61918,78,66,55,53,51,45,84,61.6,32,10,5.4,0,27.1,27.1,27.1,0
62018,86,73.7,58,53,48.6,41,81,46,20,13,7.3,0,27.1,27.1,26.9,0
62118,81,71.9,60,56,52.2,48,86,52.9,32,17,10.8,0,27.1,27,27,0
62218,89,75.4,60,53,49.8,44,75,44.8,22,20,6.5,0,27.1,27,26.9,0
62318,79,70,59,52,43.8,40,55,40.3,26,21,13.5,7,27,27,27,0
62418,86,72.3,53,47,45.2,41,71,41.1,22,10,5.8,0,27.1,27.1,27,0
62518,94,79.3,65,50,46.2,42,52,33.3,17,21,12.2,3,27,26.9,26.8,0
62618,83,69.8,56,42,34.8,20,55,31.7,10,17,11.8,0,27.1,27,27,0
62718,92,75.9,57,46,37.4,32,44,26.8,16,12,6.3,0,27,26.9,26.8,0
62818,81,71.2,61,45,39.3,36,44,32.2,24,18,13.8,6,26.9,26.9,26.8,0
62918,78,61.9,0,44,37.1,0,64,36.5,0,16,10.1,0,27.1,27,27,0
63018,82,69.2,54,47,40.6,35,67,38.8,19,16,6.9,0,27.2,27.1,27.1,0
7118,84,72,56,51,44.1,39,62,39.1,21,16,7.8,0,27.1,27.1,27,0
7218,81,66.6,0,44,33.6,0,48,29.4,0,21,11.6,0,27.1,27,26.9,0
7318,74,63.3,50,37,32.2,29,61,33.7,19,17,10.8,0,27.1,27,27,0
7418,96,75.1,57,49,35.6,30,44,26.9,10,13,7.3,0,27.1,27,26.9,0
7518,101,83.1,68,46,41.4,34,39,25.3,10,13,6.6,0,27.1,27,26.9,0
7618,94,80.8,68,46,37.6,25,36,23.1,10,20,8.5,0,27.2,27.2,27.1,0
7718,95,81.5,68,48,41.6,38,38,25.7,14,10,5,0,27.1,27.1,27,0
7818,97,80.9,65,50,43.4,32,52,30.8,10,16,5.9,0,27.1,27,26.9,0
7918,101,83.9,67,46,40.7,34,38,24,10,12,5.3,0,27.1,27,26.9,0
71018,90,79,67,46,39.5,34,40,25.6,14,20,11.3,0,27.1,27.1,26.9,0
71118,90,75.6,59,48,41.5,31,60,33.6,13,17,8,0,27.1,27.1,27,0
71218,93,76.9,60,49,43.4,33,64,34.7,13,15,6,0,27.1,27.1,27,0
71318,97,82,64,47,38.8,22,45,25,7,13,6.3,0,27.1,27.1,27,0
71418,99,84,67,47,41.3,29,40,24.4,9,17,8.6,3,27.1,27,27,0
71518,97,80.8,65,50,46.2,40,47,31.3,18,16,5.7,0,27.1,27,27,0
71618,98,83.4,71,58,49.4,44,59,32.6,17,25,7.8,0,27.1,27,27,0
71718,98,82.4,65,55,45.4,36,61,32.2,12,14,5.3,0,27.1,27.1,27,0.13
71818,98,84.8,68,45,37.5,26,39,21,8,16,8.9,3,27.1,27,27,0
71918,97,81,63,46,38.9,33,44,24.6,11,14,6.5,0,27.1,27,26.9,0
72018,98,80.8,64,48,37.3,26,46,24.2,8,14,6.8,3,27,27,26.9,0
72118,95,78.8,60,41,34.6,28,39,23.1,9,12,6.3,0,27.1,27,26.9,0
72218,93,77.4,61,39,31.6,19,39,22,7,14,7.7,0,27.2,27.1,27.1,0
72318,100,82.8,62,45,33.2,24,26,17.6,9,12,4.9,0,27.2,27.1,27,0
72418,102,87.5,71,49,44.5,42,35,23.5,14,13,7,0,27.1,27.1,27,0
72518,100,86.3,70,52,43.2,36,43,24.3,11,14,6.8,0,27.2,27.1,27,0
72618,100,83.5,67,49,41.2,34,44,25.3,11,15,6,0,27.1,27.1,27,0
72718,99,83.7,67,48,38,32,46,22,10,13,6.8,0,27.1,27,26.9,0
72818,98,83.3,68,43,36.8,31,39,20.7,10,14,7.4,0,27.1,27,26.9,0
72918,97,84.1,64,45,38.1,30,42,21.6,9,13,5,0,27.1,27.1,27,0
73018,99,85.1,70,46,40.1,37,31,21.4,12,10,6.2,0,27.1,27.1,27,0
73118,97,86.5,76,51,44.2,41,30,23.4,16,10,6.5,0,27.1,27,26.9,0
8118,100,85.7,73,54,46.2,40,38,26.5,15,9,6.6,0,27,26.9,26.9,0
8218,94,80.9,67,48,40.3,36,44,25.4,13,13,6.2,0,27,26.9,26.9,0
8318,88,75.9,62,46,34.3,27,47,24.8,11,17,8.4,0,27,27,26.9,0
8418,87,72.3,57,44,39.3,33,57,33.3,16,16,6.5,0,27,27,26.9,0
8518,89,75.3,61,45,38.7,30,52,29.8,12,14,6.4,0,27.1,27,26.9,0
8618,93,78.5,63,43,37.7,31,42,25,11,12,6.4,0,27.2,27.1,27.1,0
8718,96,79.4,63,44,38.6,35,41,24.9,12,14,6.6,0,27.1,27.1,27,0
8818,101,85.1,68,41,37.3,31,33,19.8,9,12,6.3,0,27.1,27,27,0
8918,105,87.7,69,51,40.4,36,32,20.3,10,10,5.5,0,27.1,27,27,0
81018,108,91.1,76,49,38.5,28,31,18.3,6,15,6.7,0,27,27,26.9,0
81118,103,90.2,71,48,41.5,34,32,19.6,9,16,5.5,0,27,26.9,26.9,0
81218,87,74.5,63,47,42.4,29,50,34,13,14,9.7,0,27.1,27.1,27,0
81318,93,75.3,58,45,40.5,34,58,32.5,13,15,7,0,27.1,27,26.9,0
81418,94,76.5,60,46,42.3,37,52,32.6,14,15,5.2,0,27,27,26.9,0
81518,97,80.5,63,45,36.2,27,32,21.2,13,12,6.5,0,27,27,26.9,0
81618,98,83.8,71,44,40,37,30,22.1,12,12,6.7,0,27.1,27,27,0
81718,92,82.1,73,46,43.6,37,33,26.4,17,12,6.9,0,27.1,27.1,27.1,0
81818,90,76.4,63,47,41.1,37,50,30.2,15,14,6.5,0,27.2,27.1,27.1,0
81918,96,80,66,44,39.5,30,42,25.9,10,17,9.5,0,27.1,27,26.9,0
82018,89,75.9,62,48,42.5,37,54,32.3,18,26,9.9,0,27,26.9,26.9,0
82118,81,69.2,56,49,46,43,69,45.9,28,13,6,0,27.1,27.1,27,0
82218,86,72.5,59,48,42.5,36,54,36.1,18,10,4.9,0,27.1,27,26.9,0
82318,88,74.5,59,43,38.2,33,44,28.3,16,9,5.3,0,27.1,27,26.9,0
82418,83,71.7,59,41,35.7,29,43,28.4,16,14,6.5,0,27,26.9,26.9,0
82518,85,73.2,53,42,36.6,31,59,29.5,16,15,7.3,0,27,26.9,26.9,0
82618,72,66.7,56,43,38.9,32,49,36.7,23,16,8.1,0,27,26.9,26.9,0
82718,72,63.4,56,50,43.8,39,80,50.4,32,16,9.4,0,27.1,27,26.9,0
82818,78,62.6,48,43,41.3,40,77,49.1,25,9,4.7,0,27.2,27.1,27.1,0.01
82918,88,71.5,54,41,34.9,27,62,31.4,12,15,5.7,0,27.1,27,26.9,0
83018,87,74.9,64,39,34.6,31,34,23.8,16,16,8.9,0,27,26.9,26.9,0
83118,80,68.5,59,44,40.3,31,55,37.5,20,15,8.5,0,27.1,27,27,0
9118,81,66.8,52,40,33.3,24,53,31.9,14,14,6.7,0,27.1,27,27,0
9218,84,69,54,38,29.8,20,51,25.6,9,13,6.3,0,27.1,27,27,0
9318,87,68.8,56,36,29.6,25,34,24.5,12,12,6.5,0,27.1,27,26.9,0
9418,88,70.6,54,44,41.1,34,62,37.3,18,10,4.9,0,27.1,27,26.9,0
9518,96,76,58,51,39.1,31,44,28.9,10,10,6.5,0,27.1,27,27,0
9618,94,80.7,67,46,37.7,32,40,22.6,15,15,7.7,0,27.1,27.1,27,0
9718,89,77.3,62,47,42.5,41,46,30.2,20,10,4.4,0,27.1,27.1,27,0
9818,85,73.7,64,47,38.7,31,47,29.2,17,16,8.6,0,27.1,27,26.9,0
9918,84,69,53,41,36.2,31,59,32.4,17,10,5.3,0,27.1,27,26.9,0
91018,82,69.1,54,38,32.5,27,47,26.7,18,13,7.3,0,27,26.9,26.9,0
91118,61,56.5,54,43,40.5,35,62,56,38,6,3.3,0,26.9,26.9,26.9,0
91218,71,62.6,48,40,35.8,32,66,39.1,25,17,8.3,0,26.9,26.9,26.9,0
91318,71,62.4,53,39,34.7,29,59,37.5,22,16,5.3,0,27,27,26.9,0
91418,82,62.7,0,31,27.1,0,46,26.6,0,16,5.4,0,27,26.9,26.9,0
91518,77,64.4,58,40,34,27,42,32.6,23,12,6.3,0,26.9,26.9,26.9,0
91618,75,63.4,50,36,33.3,29,59,34.8,19,12,6.7,0,27.1,27,26.9,0
91718,78,61.7,48,39,32.9,26,58,36.1,19,13,4.4,0,27.1,27,26.9,0
91818,79,53.7,0,37,30.4,0,66,36.3,0,15,5.2,0,27,26.9,26.9,0
91918,73,55,0,37,29.5,0,56,35.1,0,18,6.4,0,27,25.9,0,0
92018,72,58.7,44,35,31.8,26,60,38.1,20,13,6.9,0,27.1,27.1,27,0
92118,82,65.3,50,31,25,22,37,23.9,12,12,5.3,0,27.2,27.1,27,0
92218,81,68.8,55,38,28.5,25,51,23.8,14,16,6.7,0,27,27,26.9,0
92318,69,60,53,44,35.6,22,64,43,17,16,8.6,0,27.1,27,27,0
92418,68,54.3,38,31,28.6,25,60,39.8,21,17,8.3,0,27.2,27.1,27,0
92518,69,56.3,41,33,30.4,28,67,40,22,9,4.5,0,27.3,27.2,27.2,0
92618,74,58.7,44,31,28.6,25,53,33.9,18,9,5.8,0,27.3,27.2,27.1,0
92718,82,64.8,49,32,27.3,22,41,26,12,9,5.2,0,27.1,27.1,27,0
92818,79,65.4,53,41,35,33,47,33.6,20,10,5.5,3,27,26.9,26.8,0
92918,80,65.3,53,41,33.9,29,50,32.3,19,10,3.7,0,26.8,26.8,26.7,0
93018,72,63.3,56,45,38.4,32,56,40.5,30,15,6.3,0,27,26.9,26.8,0
10118,70,61.1,52,44,38.7,35,58,44.5,29,15,7.7,0,27,26.9,26.9,0
10218,73,60.2,0,44,37.3,0,58,38.8,0,9,4.4,0,26.9,26.9,26.8,0
10318,71,62.5,54,46,42.7,39,64,49.1,35,13,6,0,27,26.9,26.9,0
10418,60,51.2,45,52,48.5,44,100,91,57,17,8.7,0,27.1,26.9,26.8,0.02
10518,61,49.8,40,46,40.3,37,97,73.2,41,9,4.3,0,27.1,27.1,27,0.27
10618,56,51.4,48,47,44.5,40,93,78,64,17,8.1,0,27,27,26.9,0.04
10718,62,51.5,39,39,36.4,35,86,58.6,38,20,12.6,5,27.1,27,27,0.02
10818,60,49.7,38,38,33.4,30,83,56.2,35,13,5,0,27,27,26.9,0
10918,54,48.1,44,46,43.8,37,93,85.9,53,17,10,3,26.9,26.8,26.8,0.01
101018,54,46,39,42,39.5,37,93,79.1,59,7,3.1,0,27,26.9,26.9,0.91
101118,57,48.2,37,41,35.4,30,93,64.9,36,14,5.9,0,27.1,27.1,27,0
101218,63,49.2,38,36,33.8,32,79,58.4,33,10,5,0,27.2,27.1,27,0
101318,59,48.2,36,37,30.8,26,83,54.1,29,25,12.5,0,27.2,27.1,27,0
101418,53,42.1,31,32,24.3,16,89,55.3,23,13,5.4,0,27.4,27.4,27.2,0
101518,57,43.7,32,25,22.1,19,66,45.5,24,13,5.8,0,27.4,27.4,27.3,0
101618,62,49,38,30,26.3,23,65,44.4,22,12,5.7,0,27.4,27.4,27.3,0
101718,65,50.7,39,35,31.8,30,70,50.9,29,10,3.6,0,27.3,27.3,27.2,0
101818,67,53,43,36,34.7,33,71,52.3,31,12,5.5,0,27.3,27.2,27.2,0
101918,68,54.7,43,38,35.7,34,71,51.2,31,10,5.3,0,27.4,27.3,27.3,0
102018,72,56,45,38,36.3,35,71,50.4,26,10,5.3,0,27.3,27.2,27.1,0
102118,69,54.8,44,39,36.8,34,73,52.8,32,10,3.8,0,27.1,27.1,27,0
102218,73,58.4,49,42,37.3,33,66,46.5,29,12,5.8,0,27.1,27,27,0
102318,68,47.6,0,49,35.5,0,74,46,0,15,6.7,0,27,27,27,0
102418,67,57.9,49,45,41.9,38,77,56.8,39,20,6.8,0,27.1,27.1,27,0
102518,64,53.8,41,42,36.2,27,82,54.9,26,9,3.6,0,27.3,27.2,27.1,0
102618,70,58.9,51,50,41.7,36,77,54.9,32,10,5.1,0,27.2,27.1,27.1,0
102718,66,56.1,46,48,46,43,89,70.4,48,12,4.1,0,27.2,27.1,27,0
102818,66,57.2,50,45,41.9,39,77,58,40,18,8.9,0,27.1,27,26.9,0
102918,55,47.6,40,41,35,30,86,63.7,40,16,6.1,0,27.2,27.1,27.1,0
103018,53,43,32,34,29.9,27,85,62.4,38,15,6.1,0,27.3,27.3,27.2,0.02
103118,49,44.5,37,42,32.7,26,86,64.2,46,10,5.8,0,27.3,27.2,27.2,0
11118,59,48.5,43,45,42.7,41,93,81.8,58,7,2.8,0,27.3,27.2,27.2,0.01
11218,60,50.9,45,46,41.7,32,90,72.3,54,12,7.2,3,27.2,27.1,27.1,0
11318,55,45.8,35,34,32.5,30,82,60.7,43,13,5.9,0,27.3,27.3,27.2,0.02
11418,59,50.1,43,40,34.6,32,74,56.3,39,13,7.9,3,27.1,27,26.9,0
11518,53,42.3,32,32,28.8,26,82,60.5,38,14,4,0,27.1,27.1,27,0
11618,51,41.4,34,33,28,24,82,61,35,15,5.7,0,27.2,27.1,27.1,0
11718,48,38.2,31,29,25.6,20,79,62.4,34,15,6.3,0,27.3,27.2,27.2,0
11818,46,34,24,24,19.3,16,81,58.4,30,17,5.3,0,27.5,27.4,27.3,0
11918,48,36.4,26,20,16.3,12,69,46.6,24,13,6.7,0,27.5,27.3,27.1,0
111018,51,36.5,26,25,19.8,15,75,53.3,24,22,8.8,0,27.3,27.2,27.1,0
111118,44,32.3,21,22,18.6,15,82,59.7,35,14,6.2,0,27.5,27.4,27.3,0
111218,46,34.1,26,18,13.8,9,69,47,22,10,6.4,0,27.6,27.6,27.5,0
111318,49,36.3,26,18,15.6,13,66,45.6,24,8,2.8,0,27.6,27.6,27.5,0
111418,48,35.2,26,21,18,16,69,51.4,32,9,3.5,0,27.5,27.4,27.4,0
111518,52,38.8,28,25,19.5,17,70,48.7,27,8,2.7,0,27.4,27.3,27.2,0
111618,52,40.4,29,30,25.4,22,82,58,32,13,4.5,0,27.2,27.1,27.1,0
111718,48,38.5,30,35,27.7,23,85,66.7,42,8,3.6,0,27.3,27.2,27.1,0
111818,48,35.2,26,26,24.4,22,85,66.6,42,10,4.8,0,27.3,27.3,27.3,0
111918,46,34.1,25,23,21.4,18,75,61.2,40,10,4.4,0,27.4,27.3,27.3,0
112018,47,34,26,22,20.7,19,78,59.8,37,9,4,0,27.3,27.2,27.1,0
112118,42,34,26,22,19.6,17,75,56.8,40,10,3.6,0,27.1,27.1,27,0
112218,54,44.5,34,39,31.2,21,93,60.9,41,26,11.2,0,27,26.9,26.9,0
112318,45,39.9,34,39,34.7,30,92,81.8,67,18,10.7,3,27,26.9,26.7,0.05
112418,45,37.6,30,34,28.9,25,89,71.9,51,17,8.6,0,27.2,27.1,26.8,0.15
112518,45,34.6,27,27,24.2,22,85,67.7,43,13,5.9,0,27.4,27.3,27.2,0.01
112618,43,35,26,28,23.3,21,81,63.8,43,12,4.3,0,27.4,27.3,27.2,0
112718,47,40.5,36,38,31.2,23,97,71.4,46,16,9.2,0,27.2,27,26.9,0
112818,47,37.7,33,40,36.1,33,100,94.6,73,9,2.4,0,27,26.9,26.8,0.14
112918,40,35.1,31,36,33,29,100,92.6,86,8,4.1,0,26.8,26.7,26.6,0.02
113018,41,37,33,39,34.6,30,97,91.3,82,17,5.5,0,26.9,26.8,26.7,0.1
12118,38,34.7,32,33,31.6,30,96,88.7,73,17,7.5,0,26.9,26.8,26.8,0.28
12218,34,32.2,29,32,30.2,26,96,92.2,85,13,5.1,0,27.2,27,26.9,0.33
12318,37,29.5,23,29,24.9,19,92,83.3,67,8,2.4,0,27.4,27.3,27.2,0.26
12418,31,22.7,17,21,16.4,13,88,77.2,64,14,6.5,0,27.4,27.4,27.3,0
12518,27,18.5,14,17,11.4,8,80,73.8,63,12,6,0,27.3,27.2,27.2,0
12618,27,17.9,12,14,9.7,6,77,70.7,53,10,5.2,0,27.3,27.3,27.2,0
12718,29,21.7,14,18,13.3,8,81,70.5,58,12,3.1,0,27.4,27.3,27.3,0
12818,30,25.7,19,24,20,14,82,79,72,6,1.2,0,27.5,27.4,27.4,0
12918,36,31.4,28,27,24,23,81,74.4,64,18,12.5,8,27.5,27.4,27.3,0
121018,34,30.7,25,29,25.3,20,92,80.3,72,9,3.7,0,27.3,27.3,27.3,0
121118,38,32.6,30,29,27.4,25,96,82.1,65,20,5.9,0,27.4,27.3,27,0
121218,40,34.7,28,32,28.4,22,96,78.8,58,16,9.1,0,27.4,27.2,26.9,0.08
121318,38,31.9,26,22,19.6,18,78,61.2,47,16,10.8,0,27.4,27.4,27.3,0
121418,44,35.3,27,32,22.2,16,82,59.6,43,31,16.2,6,27.3,27.1,26.9,0
121518,41,36.9,32,32,28.4,27,86,72.3,60,17,10,0,27.2,27.1,27.1,0.01
121618,48,40.4,33,31,27.9,25,73,61.7,46,20,10.6,0,27.1,27.1,27,0
121718,50,40.7,37,41,36.5,31,97,85.4,63,14,5.2,0,27.1,27.1,27,0.02
121818,45,41,39,38,36,34,89,82.4,71,20,9.5,0,27.2,27.1,27.1,0.12
121918,49,41.4,35,35,31,28,83,67.6,48,15,4.3,0,27.4,27.3,27.2,0
122018,51,41.5,32,33,28.9,26,82,62.2,44,20,9.4,0,27.3,27.1,26.9,0
122118,41,36,29,35,27.9,22,89,73.2,53,18,7.4,0,27.2,27.1,27,0.02
122218,38,30.8,22,22,19,17,82,63.2,43,12,5.2,0,27.4,27.3,27.2,0
122318,36,35,32,32,26.4,18,89,72.3,52,17,10.3,0,27.2,27.2,27.1,0
122418,44,37.2,35,37,34,32,100,88.6,73,10,6,0,27.1,27,26.9,0.13
122518,43,34.9,29,34,32.1,23,100,90.2,58,21,6.8,0,27.1,27,26.9,0.01
122618,38,29.9,22,29,22.9,18,92,76.7,48,8,4.2,0,27.2,27.1,27.1,0
122718,36,31.1,28,28,27.1,26,100,85.2,70,17,10.5,3,27.1,27.1,27.1,0
122818,34,28.8,23,20,18.1,15,72,64.5,54,15,7,0,27.3,27.3,27.2,0
122918,36,30,28,30,25.9,20,93,84.5,66,12,6.1,0,27.4,27.3,27.1,0
123018,41,35.2,30,32,29.1,25,89,79.1,62,20,11.7,6,27.1,27,26.9,0.03
123118,36,28.9,20,26,16.1,11,89,61,36,17,10.7,3,27.3,27.1,27.1,0.07
1119,30,21.8,15,14,10.2,6,74,61.6,47,10,6.3,0,27.4,27.3,27.3,0
1219,31,24.5,18,17,12.8,9,68,61.2,52,14,9.1,7,27.4,27.4,27.3,0
1319,38,27.1,19,21,17,14,81,66.6,48,13,5.2,0,27.3,27.3,27.2,0
1419,37,30.4,24,22,20.3,18,78,66.9,54,9,3.4,0,27.2,27.1,27,0
1519,45,32.3,24,29,23.2,20,85,70.3,42,26,6.7,0,27,26.8,26.7,0
1619,46,41.4,37,30,27,19,73,57.7,35,20,10.2,0,26.8,26.7,26.7,0
1719,40,34.5,29,32,25.1,19,89,69.9,45,20,7.3,0,27.3,27,26.7,0.02
1819,45,35.5,28,26,21.4,16,72,57.1,45,18,10.9,3,27.3,27.2,27.1,0
1919,50,43.6,36,33,30,26,68,59.3,50,18,11.2,0,27.1,27.1,27,0
11019,52,41.8,34,38,33.6,30,89,74.2,52,13,5.9,0,27.2,27.2,27.1,0.01
11119,48,36.6,28,32,28.1,24,89,72.9,48,16,7.6,0,27.3,27.2,27.2,0
11219,41,31.4,25,26,23.3,20,82,72.9,51,9,6.4,0,27.3,27.3,27.2,0
11319,37,27.4,22,24,20.4,18,85,75.3,59,9,5.4,0,27.4,27.3,27.3,0
11419,35,26.4,20,22,19.1,15,85,74.6,57,12,4.4,0,27.3,27.3,27.1,0
11519,39,28.7,24,32,24.4,18,92,84.3,75,7,1.9,0,27.1,27.1,27,0
11619,45,34,24,40,30.2,20,97,86.3,68,22,4.8,0,27.1,27,26.9,0.09
11719,51,46.1,41,37,34.1,31,74,63.5,48,22,12.8,0,27,26.8,26.8,0.11
11819,45,41,37,33,28.4,26,79,61.4,49,16,7,0,27.3,27.2,27,0
11919,44,39.6,36,43,18.2,0,100,43.8,0,16,12.4,5,27.3,27.2,27.1,0.41
12019,54,41.2,37,42,38.3,35,100,90.7,53,18,4.9,0,27.1,27,26.8,0.4
12119,41,34.5,29,30,23.9,19,82,66.7,43,28,15.8,7,27.3,27,26.8,0.03
12219,38,30.8,23,22,20,18,85,65.4,46,10,4.9,0,27.5,27.4,27.3,0
12319,43,34.8,30,33,28.5,20,93,78.3,56,13,6.3,0,27.4,27.3,27.2,0.01
12419,47,36.2,30,34,29.8,26,92,78.9,58,14,4.7,0,27.4,27.4,27.3,0
12519,46,35.5,29,32,28.4,24,89,76.1,56,13,5.2,0,27.4,27.3,27.3,0
12619,50,36.3,27,31,27.7,22,89,73.2,44,13,3.3,0,27.5,27.4,27.4,0
12719,49,38.7,32,33,29.7,27,85,71.1,52,14,6.4,0,27.4,27.3,27.2,0
12819,45,33.2,25,29,23.6,19,92,70.6,40,15,6,0,27.4,27.3,27.2,0
12919,43,31.5,24,21,19,16,77,61.7,37,10,4.2,0,27.3,27.2,27.1,0
13019,43,31.6,24,21,19.5,16,77,62.1,42,10,3.5,0,27.1,27.1,27.1,0
13119,46,34.5,27,25,22.8,19,75,63.8,44,12,5.3,0,27.1,27.1,27,0
2119,55,38,27,31,26.8,22,81,65.7,35,16,4.4,0,27,26.9,26.8,0
2219,50,42,37,42,38.4,31,97,87.8,68,16,6.7,0,26.8,26.6,26.5,0.02
2319,49,43.1,40,39,35.9,33,97,76.7,56,17,7.2,0,26.6,26.5,26.5,0.48
2419,46,40.5,35,37,33,30,89,75.3,56,20,11.6,0,26.5,26.5,26.4,0.23
2519,37,32.9,28,33,26.4,21,96,78.1,57,16,9.3,0,26.8,26.6,26.6,0.16
2619,32,27.1,20,22,17.3,9,84,67.5,52,20,12.6,0,27.2,27,26.8,0
2719,24,18.6,14,12,9.4,8,77,67.9,57,10,5.4,0,27.3,27.3,27.2,0
2819,34,26.2,19,25,16.3,9,89,67.8,40,17,10.8,0,27.3,27.1,26.9,0
2919,36,33.1,29,29,25.2,20,89,73,59,25,17.6,14,26.9,26.7,26.6,0.01
21019,38,31,28,29,22.2,13,92,72.2,45,18,7.8,0,26.9,26.7,26.6,0.09
21119,35,30,25,27,22.1,17,88,72.8,61,21,14.5,7,27.1,27,26.9,0
21219,40,35,29,31,20.6,17,85,57.6,41,18,12.5,3,27.1,27,26.9,0
21319,37,36.6,35,36,34.1,31,97,90.9,82,18,11,0,26.9,26.7,26.6,0
21419,52,43.8,37,45,37.6,34,93,79.8,57,23,15,8,26.7,26.5,26.4,0.57
21519,42,38.7,33,35,26.8,22,83,63.7,45,14,7.8,0,26.8,26.7,26.6,0.27
21619,39,33.4,30,31,27.8,25,93,80.2,62,13,6,0,26.9,26.9,26.8,0
21719,36,32,28,30,27.4,22,96,83.3,70,10,4.5,0,27.1,26.9,26.9,0.02
21819,34,28.2,22,23,18,12,88,67.3,44,17,9.2,0,27.2,27.1,27.1,0
21919,32,27.8,18,27,21.3,10,93,77.2,61,10,5.7,0,27.2,27,26.9,0
22019,35,28.3,22,28,25.2,19,93,88.4,72,12,7.1,0,26.9,26.8,26.7,0.15
22119,32,27.9,22,27,23.2,17,93,82.6,66,13,5.7,0,27,26.9,26.8,0.23
22219,35,23.8,11,18,14,7,88,68.4,44,12,4.6,0,27.1,27.1,27,0.07
22319,36,33.1,29,31,26.3,16,89,76.3,56,16,10.1,6,27.1,27.1,27.1,0
22419,42,36.9,33,38,32.6,27,100,85.3,67,21,13.4,5,27.1,27,26.9,0.07
22519,49,43.2,38,35,33.6,32,89,70.1,54,21,13.4,5,26.9,26.8,26.7,0.11
22619,45,32,28,36,29.6,27,100,91.1,63,17,8.2,0,27,26.9,26.8,0.13
22719,50,35.7,31,32,31.4,30,100,85.7,48,21,6.6,0,27,26.9,26.9,0.43
22819,46,40,30,40,34.2,18,100,81.3,41,22,8.9,0,27.1,27,26.9,0.43
3119,46,35,28,25,21.8,17,82,61.1,33,14,7.5,0,27.1,27.1,27,0.12
3219,43,33.5,24,28,23.2,20,88,67.3,47,10,4.4,0,27.1,27.1,27,0
3319,43,32.9,24,24,21,18,88,63.7,41,12,3.3,0,27.1,27.1,27.1,0
3419,48,37.1,28,24,22.3,21,82,57.3,37,17,9.6,3,27.1,27.1,27.1,0
3519,50,38.3,28,32,24.2,18,82,58.5,39,18,12.8,5,27.2,27,26.8,0
3619,52,41.9,35,42,37.4,35,100,85.3,59,24,7.9,0,26.8,26.7,26.7,0.07
3719,46,42.8,36,39,31.3,22,93,65.2,40,13,7.9,0,27,26.9,26.8,0.08
3819,43,34.7,29,25,21.7,16,79,61.5,34,16,8.2,0,26.9,26.9,26.8,0.01
3919,40,33.1,25,28,22.1,17,81,65.4,40,16,7,0,27,26.9,26.9,0
31019,46,37.3,28,28,25.1,23,88,63.4,40,10,3.9,0,27.2,27.1,27,0
31119,51,37.5,25,24,21.5,19,85,56.3,28,9,3.7,0,27.2,27.2,27.1,0
31219,50,37.5,33,32,27.1,19,92,69.3,38,23,14.3,7,27,26.8,26.7,0
31319,44,35.7,29,29,22.4,15,88,62,31,25,16,7,27.3,27.1,26.9,0.1
31419,46,34.9,24,20,15.8,10,77,49.3,24,13,6.9,0,27.4,27.4,27.3,0
31519,53,40.5,29,25,19.1,18,64,44.9,25,8,4.3,0,27.4,27.4,27.3,0
31619,58,43.9,31,26,23.5,20,69,47.5,24,12,5,0,27.4,27.3,27.2,0
31719,58,44.7,33,30,26.3,24,70,50.7,32,10,5.1,0,27.3,27.3,27.2,0
31819,62,47.6,35,30,25.9,17,70,47.2,18,12,7.2,0,27.3,27.2,27.2,0
31919,65,50.3,37,26,22.2,15,62,37,15,16,11.5,3,27.3,27.2,27.1,0
32019,66,52.1,34,26,17.4,11,61,30.3,12,22,11.4,3,27.1,27.1,27,0
32119,61,50,37,26,22.3,15,57,35.8,21,9,4,0,27,27,26.9,0
32219,61,51.5,42,42,34,27,80,52.4,35,15,5.2,0,27,27,26.9,0
32319,58,49.5,41,45,39.6,35,86,70.7,44,10,5.4,0,27.1,27,27,0
32419,51,44.7,41,43,38.7,34,96,80.3,54,9,5.7,0,27.2,27.1,27,0.4
32519,61,50.3,39,34,29.3,24,76,47.8,24,29,17,9,27.3,27.1,27,0.19
32619,58,49.6,43,45,38.5,32,93,66.8,50,14,5.1,0,27.1,27,27,0
32719,61,50.1,44,46,42.2,36,97,76.8,39,24,9.2,0,27,26.9,26.9,0.13
32819,54,46.3,39,43,36.8,31,93,71.7,41,17,6.6,0,27.1,27.1,27,0.35
32919,55,45.2,38,39,33.5,29,89,66.7,37,21,7.7,0,27.3,27.2,27.1,0
33019,58,46.4,35,32,31,28,85,57.9,33,8,3.8,0,27.4,27.3,27.3,0
33119,60,48.4,37,32,28.3,20,79,49.7,23,9,4.7,0,27.3,27.2,27.1,0
4119,60,51.5,43,34,29.8,27,56,43.7,32,15,9.4,3,27.1,27.1,27,0
4219,53,46.1,0,46,37.5,0,97,67.6,0,17,5.4,0,27,26.9,26.8,0
4319,59,49.1,45,47,44.5,41,97,85.7,51,10,4.2,0,27,26.9,26.9,0.14
4419,65,55.9,48,43,40,37,77,57.3,36,14,8,0,27,26.9,26.9,0.02
4519,61,53.7,49,46,42.4,35,90,67.1,38,22,7.3,0,26.9,26.9,26.9,0
4619,57,49.2,39,41,38.2,36,89,67.5,47,18,10.7,3,27.1,27,26.9,0.14
4719,64,55.2,50,48,44.8,39,83,68.7,48,17,11.9,0,27.1,27.1,27,0.08
4819,65,56.2,51,54,48.5,44,94,76.3,48,15,8.7,3,27.1,27.1,27,0.08
4919,54,47.2,43,49,39.6,33,93,76.9,47,29,14.7,0,27.1,27,26.9,0.43
41019,53,45.8,40,34,30.5,27,71,56.3,37,28,20.3,8,27.1,27.1,27.1,0
41119,52,45.3,41,39,36,33,86,70.8,49,22,8.6,0,27.1,27,26.9,0
41219,58,46.6,36,37,34.3,31,86,64.6,36,20,8.4,0,27,26.9,26.9,0
41319,63,50.6,38,46,34.5,32,90,58.3,31,13,4.9,0,27.1,27,26.8,0
41419,52,47,41,47,40.2,33,93,78.6,49,14,7.3,0,26.9,26.9,26.8,0.45
41519,54,45.4,40,45,38.3,34,97,78.9,47,10,4.8,0,26.9,26.8,26.7,0.04
41619,57,49.8,43,43,37.8,34,89,65.5,42,15,7.8,0,27.1,26.9,26.8,0.23
41719,63,51.9,41,39,37.2,35,79,59,40,17,8.2,0,27.3,27.2,27.1,0
41819,73,58.2,43,43,37.8,34,76,50.5,26,10,4.8,0,27.3,27.3,27.2,0
41919,82,67.1,52,48,40.1,36,58,40,21,15,10.5,3,27.1,27,26.8,0
42019,67,56.9,51,50,47.9,44,89,73.1,49,25,13.1,0,26.9,26.8,26.8,0
42119,67,56.4,49,43,39.2,36,77,55,34,29,20.8,15,27.1,27,26.9,0.32
42219,68,55.7,41,40,36.1,31,79,51.3,27,13,5.7,0,27.3,27.2,27.1,0
42319,75,61,47,54,42.6,36,84,52.9,33,20,6.8,0,27.2,27.1,27.1,0
42419,70,59.2,50,52,41.5,24,94,59.1,18,16,6.9,0,27.1,27.1,27.1,0.01
42519,72,58.2,40,41,32.3,29,70,40.9,21,12,4.4,0,27.2,27.1,27,0
42619,67,58.4,50,42,36.3,28,71,46.2,25,20,10.1,0,27.1,27,26.9,0
42719,69,54.8,40,33,28.3,19,70,40.3,19,25,9.5,0,27.1,27,26.8,0
42819,56,46.2,36,24,21.3,18,62,39,26,21,13.8,5,27.1,27.1,27,0
42919,57,46.8,34,23,18.7,15,53,34.5,20,17,9.6,0,27.1,27,26.9,0
43019,58,46.5,35,28,21.1,7,72,41.5,15,22,9.8,0,27,26.9,26.9,0
5119,60,47.7,31,24,17.8,12,61,34,17,10,4,0,27.1,27.1,27,0
5219,66,54.1,38,24,20.5,17,53,28.7,15,18,8.3,0,27.1,27,27,0
5319,72,57.4,41,31,25.6,22,53,32.5,16,10,5.5,0,27.1,27,26.9,0
5419,75,60.7,46,33,30.2,28,54,33.8,20,13,6.7,0,27,26.9,26.8,0
5519,77,62.9,49,37,32.7,27,54,34.8,17,14,6.3,0,26.9,26.8,26.7,0
5619,78,63.1,47,43,35.9,27,71,41.2,17,18,8,0,26.9,26.9,26.8,0
5719,77,62.2,45,37,33.9,28,68,38.1,18,26,12.4,0,27,26.9,26.9,0
5819,75,62.6,48,38,33.9,30,61,36.8,21,20,11.2,0,27.1,27,26.9,0
5919,67,58.4,50,38,34.4,30,61,42.3,26,18,7.7,0,27,27,27,0
51019,71,59.7,47,36,32.8,30,63,39.3,23,13,7.4,0,27.1,27,27,0
51119,80,65.8,49,37,34.4,29,61,35.4,15,10,6.1,0,27.1,27,26.9,0
51219,85,70,54,39,35.8,31,51,31.3,16,15,7,0,27,26.9,26.8,0
51319,86,70.8,54,42,35.5,31,45,29.2,17,9,5.8,3,26.9,26.9,26.8,0
51419,82,71.3,60,42,38.4,35,48,31.8,19,16,7.7,0,27,26.9,26.9,0
51519,70,64.2,57,50,43.9,38,77,49.3,32,14,8.2,0,27,26.9,26.7,0
51619,58,53.5,50,51,48.3,45,89,82.8,69,16,8.1,0,26.7,26.7,26.6,0
51719,51,48.6,47,47,44.3,27,93,85.8,43,18,9.2,0,26.9,26.8,26.8,0.28
51819,66,54.1,46,46,35,30,93,52.8,26,10,5.2,0,27,26.9,26.8,0.47
51919,57,52.6,50,50,46.5,35,93,80.4,57,18,7.4,0,26.8,26.7,26.6,0
52019,62,51.7,48,50,47.5,44,97,86.8,58,13,5.5,0,26.8,26.7,26.7,0.41
52119,59,50.8,45,49,43.7,39,96,78.3,53,17,8,3,26.7,26.7,26.7,0.71
52219,59,52.4,47,47,44.6,42,86,75.5,58,15,8.1,0,26.9,26.8,26.7,0.04
52319,72,57.5,48,48,43.1,33,93,64,24,17,8,0,26.9,26.9,26.8,0.09
52419,67,55,48,50,45.2,41,92,71.2,42,22,7.8,0,26.9,26.9,26.9,0
52519,63,53.7,49,50,47.2,42,96,80.1,51,15,4.4,0,26.9,26.9,26.8,0.44
52619,73,58.2,50,49,46.1,41,93,67,31,30,6.2,0,26.8,26.8,26.7,0.08
52719,73,57.5,48,50,47.4,45,100,72.9,38,25,11.4,0,26.9,26.8,26.8,0
52819,77,64.8,52,53,47.1,44,83,55.6,31,21,9.8,0,26.9,26.9,26.9,0
52919,74,66.2,59,52,49.3,45,77,56.5,37,24,10.8,5,27,27,26.9,0
53019,73,63.3,56,56,53.1,50,90,70.9,48,18,5.7,0,27,27,27,0.02
53119,78,67.2,56,53,50.3,46,83,57.1,36,15,7.8,0,27.1,27,27,0.1
6119,81,70.5,58,54,50,45,75,50.3,28,12,6.1,0,27.1,27,26.9,0
6219,83,71.6,57,53,48.9,46,74,47.3,28,10,5.8,0,27,26.9,26.9,0
6319,85,74.3,63,53,49.9,44,65,44,27,14,6.6,0,27,26.9,26.9,0
6419,83,71.3,58,50,42.8,35,69,39.5,19,16,7.4,0,27.1,27,27,0
6519,88,72.5,54,45,39.8,35,64,34.7,16,14,5.6,0,27.1,27,26.8,0
6619,76,62.2,52,49,46.4,43,86,58.9,33,32,12.3,0,26.9,26.9,26.8,0
6719,60,51.8,48,48,38.2,28,93,63.3,30,28,10.8,0,27.1,27,26.9,0
6819,64,53.1,40,36,32.2,27,83,49.3,26,16,7.6,0,27.4,27.3,27.1,0
6919,74,61.4,46,35,29.7,20,63,35.1,14,14,7.8,3,27.4,27.4,27.3,0
61019,81,67.5,52,38,34.7,30,53,33,16,10,5.3,0,27.3,27.3,27.2,0
61119,86,65.7,0,50,39.7,0,57,34.9,0,15,7.3,0,27.3,27.2,27.1,0
61219,90,72.6,0,57,48.5,0,70,42.9,0,13,6.8,0,27.1,27.1,27,0
61319,88,75.6,62,57,51.5,46,75,46.5,24,15,6.4,0,27,26.9,26.9,0.01
61419,86,74.8,62,52,45.5,36,65,38.2,17,17,8.1,0,27,26.9,26.9,0
61519,85,71.8,55,46,38.3,31,67,33.9,15,13,7.5,0,27,26.9,26.9,0
61619,87,73.5,58,48,43.5,39,58,36.4,18,14,6.5,0,27,26.9,26.9,0
61719,88,75.3,60,50,45.5,36,64,38.2,17,13,7.3,0,27,27,26.9,0
61819,86,74.3,60,49,44.9,37,62,37.7,20,17,8,0,27.1,27,27,0
61919,79,68.7,56,46,31.8,23,55,28.8,15,22,11.8,3,27.1,27,26.9,0
62019,63,57.1,49,34,30.8,27,56,37.9,26,22,14.5,3,27,27,26.9,0
62119,65,56,44,39,34.3,30,71,46.7,28,21,9.6,0,27.1,27.1,27,0
62219,75,61,44,40,37.9,35,80,47,24,16,6.9,0,27.2,27.1,27.1,0
62319,77,67,56,43,38.4,33,60,37.4,22,17,8.6,0,27.1,27,27,0
62419,78,65.9,50,42,39.4,37,68,40.2,24,14,6.5,0,27,27,26.9,0
62519,81,69.3,58,45,41.6,39,53,38.1,23,12,5.4,0,26.9,26.9,26.8,0
62619,88,71.6,55,47,40.6,31,69,38.5,15,15,6.5,0,26.9,26.9,26.8,0
62719,81,70.5,58,46,36.9,28,60,32.8,16,15,9.3,0,27,27,26.9,0
62819,73,63.6,55,48,42.7,35,60,47.6,25,12,5.8,0,27.1,27.1,27,0
62919,88,72.5,53,45,39,34,69,34.8,15,13,4.6,0,27.1,24.9,0,0
63019,86,73,58,47,41,32,60,34.2,15,15,8,0,27.1,27,27,0
7119,92,75.5,56,46,41.3,37,65,32.5,16,16,6.2,0,27.1,27,26.9,0
7219,82,71.5,59,49,44.9,36,67,41.5,22,18,11.3,5,27,26.9,26.9,0
7319,78,68.1,56,45,41,34,64,39.7,22,16,10.5,3,27,26.9,26.9,0
7419,81,68.8,53,46,41.4,36,71,40.5,20,12,4.4,0,27,27,26.9,0
7519,90,75.3,59,44,40.3,36,55,32,15,14,7.4,0,27.1,27.1,27,0
7619,92,79.5,66,48,44,40,42,29.4,17,16,9,0,27.1,27,26.9,0
7719,85,74.1,63,50,42.3,32,51,34.8,16,14,6.5,0,27,26.9,26.9,0
7819,83,72,58,50,45.1,40,62,40.5,22,18,5.6,0,27,26.9,26.9,0
7919,88,71.4,0,47,42.8,0,67,36.6,0,8,4.9,0,27.1,27.1,27,0
71019,94,80.8,71,49,44.8,41,41,29.1,16,14,7.4,0,27.1,27,27,0
71119,95,80.2,63,54,49.1,45,65,37.2,18,15,6,0,27.1,27,27,0
71219,98,82.6,64,56,51,46,70,37,18,10,4.9,0,27,27,26.9,0
71319,98,84.3,69,53,49.6,46,53,31.6,17,12,6.5,0,27,26.9,26.9,0
71419,93,76.3,0,55,47.6,0,72,37.6,0,31,9.4,0,27.1,27,26.9,0
71519,91,76.2,62,51,48,41,65,40.4,19,16,7.5,0,27.1,27,26.9,0
71619,85,73.6,63,53,49.2,42,70,45.7,24,15,9.7,0,27,27,26.9,0
71719,90,75.5,60,48,45.1,39,64,37.2,17,16,5.5,0,27,26.9,26.9,0
71819,87,75.1,62,51,46.6,41,60,38.3,23,14,6.7,0,27,26.9,26.9,0
71919,81,69.8,58,46,30.8,14,46,27.3,8,16,10.2,0,27.1,27,26.9,0
72019,88,71.3,53,39,33.8,25,53,28.5,13,15,7.8,0,27.1,27,27,0
72119,96,77.6,58,51,40.8,32,48,29.4,13,8,4.4,0,27.1,27,26.9,0
72219,100,85.9,71,50,46.1,41,41,26.7,14,13,6.3,0,27,27,26.9,0
72319,95,83.6,77,56,49.9,43,48,31.7,21,22,8.3,3,27.1,27.1,27,0
72419,88,78.1,67,54,40.3,20,59,30.3,9,14,8.8,0,27.2,27.1,27,0
72519,94,76.5,58,45,35.4,29,44,24.6,11,14,5.9,0,27.2,27.1,27,0
72619,87,75.8,64,52,41.9,37,44,30.5,18,9,4.9,0,27.1,27.1,27,0
72719,94,79.7,65,54,46.4,37,58,34.5,15,13,6.9,0,27.2,27.1,27.1,0
72819,95,79.2,61,51,45.3,37,54,33.5,14,10,5.3,0,27.2,27.1,27,0
72919,96,81.2,67,57,50.2,47,61,36,19,16,6.8,0,27,26.9,26.9,0
73019,96,82.9,69,56,50.6,42,58,35.3,18,12,7,3,27,26.9,26.9,0.02
73119,97,81.4,65,50,44.1,34,52,29.6,11,9,5.7,0,27,26.9,26.9,0
8119,98,81.7,63,48,44.6,40,49,28.8,16,9,5,0,27.1,27,26.9,0
8219,94,81.3,69,53,48.2,42,51,33.1,18,16,7.7,0,27.1,27,27,0
8319,97,79.8,63,52,49,40,60,37.6,16,12,3.7,0,27.1,27,26.9,0.01
8419,99,81.2,64,52,49,41,58,35.3,18,7,5,0,27,27,26.9,0
8519,99,82.8,67,56,48.5,44,59,33.3,16,10,4.5,0,27.1,27,26.9,0
8619,100,84.5,73,53,45,38,43,27.1,12,22,7.6,0,27,27,26.9,0
8719,98,84.8,74,48,41.9,38,35,23.2,13,18,6.9,0,27,26.9,26.9,0
8819,86,78.2,73,55,48,40,46,34.9,28,22,8,0,27,27,26.9,0
8919,91,76.5,67,58,52.1,42,73,46.5,19,24,10.2,0,27,26.9,26.8,0
81019,83,69.8,62,59,53,44,84,58.2,25,20,10.4,0,27,26.9,26.9,0.08
81119,77,67.6,58,50,46.8,44,75,49.2,32,14,7.8,3,27.1,27.1,27,0
81219,84,70.3,57,50,42.8,32,69,41.2,16,14,5.1,0,27.2,27.1,27.1,0
81319,91,75.1,60,48,42.6,38,47,32.9,17,12,5.3,0,27.1,27.1,27.1,0
81419,94,78.6,63,46,42.1,37,46,29.6,14,14,7,0,27.1,27.1,27,0
81519,90,75.9,62,49,43.6,37,56,34.8,16,15,7.3,0,27.1,27.1,27,0
81619,87,73.3,58,46,40.2,33,57,33.6,15,14,6.3,0,27.1,27,26.9,0
81719,85,71,55,44,39.8,35,55,34.2,18,12,5.6,0,27,26.9,26.9,0
81819,94,77.7,59,43,40.8,39,53,29.6,15,14,5.5,0,26.9,26.9,26.8,0
81919,94,80.5,63,43,41,38,43,25.8,16,12,6.8,0,27,26.9,26.8,0
82019,98,80.9,64,49,42,39,43,27.1,14,10,5.6,0,27,27,26.9,0
82119,95,81,67,46,42.4,38,37,26.5,14,23,7,0,27,26.9,26.8,0
82219,82,73.5,62,51,47.8,44,65,41.7,28,20,14,5,27,26.9,26.9,0
82319,86,71.5,56,46,42,34,69,39.1,16,12,4.5,0,27,27,26.9,0
82419,94,78.6,63,46,37.5,33,35,24.4,12,9,5.2,0,27,26.9,26.9,0
82519,85,73,59,45,39.4,32,53,32,17,17,7.7,0,27.1,27,26.9,0
82619,83,66.5,0,54,35.1,0,59,32.2,0,14,6.5,0,27.2,27.1,27.1,0
82719,88,72.6,54,41,36.2,31,55,28.8,16,10,5.1,0,27.1,27.1,27,0
82819,96,78.2,60,42,37,30,42,25.7,11,9,5.2,0,27.1,27,26.9,0
82919,94,82,70,50,38.9,35,37,22.4,15,17,7.2,0,27,27,26.9,0
83019,91,77,62,55,51.1,46,72,43.8,22,14,6.7,0,27.1,27,27,0
83119,95,80.5,65,47,45.5,42,52,31.6,17,10,6.3,0,27.1,27,26.9,0
9119,96,80.5,65,45,41,34,48,26.5,11,13,5.5,0,27,27,26.9,0
9219,93,78.1,63,50,38.3,32,37,25.5,12,9,5.8,0,27.1,27,27,0
9319,96,80,63,44,38.1,32,40,23.5,13,12,5.2,0,27.1,27,26.9,0
9419,95,78.8,63,49,44,37,48,30.9,13,17,4.3,0,27.1,27,27,0
9519,97,83.6,71,63,47.7,40,75,31.8,18,29,11,0,27.1,27.1,27,0
9619,81,70.6,65,64,59.7,51,87,71.1,36,20,6.7,0,27.2,27.1,27.1,0.02
9719,84,71.3,59,57,53.5,50,81,56.3,33,7,3.7,0,27.1,27,26.9,0.12
9819,72,62.6,57,58,55.9,51,93,79.9,48,32,9.2,3,27,26.9,26.8,0.2
9919,72,62.3,54,55,47,39,97,62,32,7,3.6,0,27,27,26.9,0.12
91019,71,60.5,50,47,43.9,42,86,56.7,35,15,5.7,0,27,26.9,26.9,0
91119,73,61.1,50,46,43.7,39,83,55.8,29,15,6.7,0,27.2,27.1,27,0
91219,79,65.2,53,46,42.8,37,75,48.2,23,13,6.3,0,27.3,27.3,27.2,0
91319,84,69.8,57,45,40.4,32,55,37,15,12,6.6,0,27.2,27.1,27.1,0
91419,90,72.5,56,44,38.7,34,62,32.7,14,10,6.9,0,27.1,27,26.9,0
91519,91,76.7,63,39,31.1,21,40,22.1,8,18,9.5,0,26.9,26.8,26.7,0
91619,76,64.8,51,48,40.8,28,89,45,18,28,10.9,0,27,26.8,26.8,0
91719,68,56.9,51,49,45,38,92,68,34,13,3.6,0,27.1,27,26.9,0.26
91819,61,55.3,51,51,48.4,42,89,78,58,8,4.3,0,27,26.9,26.9,0
91919,66,52.6,47,48,46.7,43,100,82.8,47,17,4.7,0,27,27,26.9,0.05
92019,68,57.3,49,47,42.7,37,83,61.1,32,23,12.1,5,27.1,27,27,0
92119,70,57.5,45,44,41.8,37,83,59,31,12,5,0,27.2,27.1,27.1,0
92219,77,63.8,51,49,40.3,37,66,45.9,24,15,8.5,0,27.1,27,26.9,0
92319,72,61.8,52,51,47.7,44,86,62.3,38,14,7.2,0,27.2,27.1,27,0
92419,77,64.5,53,49,45.5,42,74,52.5,31,18,7.3,0,27.3,27.2,27.1,0
92519,71,60.3,50,47,40,36,77,49.8,28,18,8.4,0,27.2,27.1,27.1,0
92619,79,63.5,47,44,36.3,32,63,39.9,19,16,6.4,0,27.1,27,26.8,0
92719,70,60.4,50,51,39.8,25,86,51.4,24,12,7.3,0,27,26.9,26.7,0
92819,54,48.4,45,39,34.1,27,76,58.3,39,17,6.3,0,26.8,26.7,26.7,0
92919,52,43.6,35,33,29.4,25,86,60.1,35,10,4.8,0,26.9,26.8,26.8,0.01
93019,56,45.9,34,34,28.2,25,76,52.3,31,12,5.7,0,27,27,26.9,0
10119,57,46.3,38,34,31.1,27,79,57.9,33,15,7.2,0,27.1,27.1,27,0
10219,60,45.6,0,34,27.5,0,82,50.5,0,21,4.7,0,27.2,27.1,27.1,0
10319,60,48.6,0,32,26.2,0,54,39.1,0,14,7.2,0,27.1,27,26.9,0
10419,55,47.2,42,43,38,30,93,72.3,45,17,8.8,0,27.3,27.1,26.9,0
10519,61,48.4,37,35,32,28,82,56.7,29,13,5.3,0,27.4,27.3,27.3,0.02
10619,64,49.6,35,31,26.1,20,76,44.8,18,9,5.9,0,27.4,27.4,27.3,0
10719,68,53,39,31,26.1,24,60,37.6,19,14,6,0,27.3,27.1,27,0
10819,70,55.6,43,42,32.6,26,71,43.7,27,22,9.1,3,27,26.9,26.7,0
10919,48,41.1,34,31,23,19,67,49.8,33,24,16.3,9,27.3,27.1,26.9,0
101019,47,35.6,24,21,18,14,75,52,29,13,4.4,0,27.4,27.4,27.3,0
101119,58,42.5,31,20,15.7,8,61,37.9,14,12,7.4,0,27.4,27.3,27.2,0
101219,60,45.9,33,20,16.9,14,52,33,19,13,5.9,0,27.2,27.1,27,0
101319,61,47.2,36,25,20,17,50,36,21,9,4.3,0,27,27,26.9,0
101419,64,49.5,36,35,26.8,20,53,42.2,31,9,5.5,0,27.1,27,26.9,0
101519,73,55.5,40,34,25.4,21,51,33.3,17,10,5.8,0,27.2,27.1,27.1,0
101619,79,61.5,47,34,23.5,15,56,27.7,9,13,6.2,0,27.1,26.9,26.8,0
101719,66,54.8,42,38,29.3,13,68,42.3,13,13,8.3,0,26.9,26.8,26.7,0
101819,58,47.5,39,37,30.9,22,82,56.5,26,14,7.4,0,27,27,26.9,0.01
101919,51,45.2,41,44,29.9,0,100,58.7,0,28,12.6,0,27,26.9,26.7,0
102019,50,44,36,31,29.2,27,73,57,44,12,5.6,0,27.2,27.1,27,0.21
102119,55,47.8,40,37,34.2,32,79,60.7,43,12,4.6,0,27.3,27.2,27.1,0
102219,64,52.1,45,47,41.5,36,80,67.9,48,9,4.2,0,27.3,27.3,27.2,0
102319,59,49.8,42,43,30.8,24,83,51,26,21,12.1,0,27.4,27.3,27.2,0.02
102419,59,44.9,33,26,22.1,15,66,44.3,18,10,4,0,27.5,27.4,27.4,0
102519,68,51.5,41,29,25.8,23,53,39.3,20,16,6.4,0,27.4,27.2,27,0
102619,52,43.8,37,30,26.6,23,63,51.9,34,26,15.8,0,27.1,27.1,27,0
102719,47,36,25,25,12.4,-1,81,46.4,14,17,7,0,27.3,27.2,27.1,0
102819,41,33.3,25,19,14.1,9,72,48.4,27,9,6.7,0,27.3,27.1,27,0
102919,34,26.9,18,19,9.9,-2,81,51.9,24,18,8.3,0,27.4,27.3,27,0
103019,40,27.4,17,11,5.3,2,57,41.8,20,10,5.2,0,27.5,27.5,27.4,0
103119,43,31.3,22,11,9,7,60,41.1,25,10,4.5,0,27.4,27.4,27.3,0
11119,47,33.3,22,15,11.5,9,60,42.7,24,13,4.7,0,27.5,27.4,27.4,0
11219,52,37,26,17,15.8,14,63,44.7,22,8,2.9,0,27.4,27.4,27.2,0
11319,52,38.2,29,20,17.8,16,61,45.7,26,9,3,0,27.2,27.2,27.1,0
11419,59,43.5,31,28,24.2,18,69,49.1,27,8,3.7,0,27.2,27.2,27.2,0
11519,61,45.5,35,30,28.6,27,73,54.5,30,8,4,0,27.3,27.2,27.1,0
11619,57,43.3,33,31,27.7,25,72,55.8,37,8,3.5,0,27.3,27.2,27.1,0
11719,56,43.4,34,28,25.2,23,64,50.6,30,12,5,0,27.4,27.3,27.3,0
11819,60,43.2,32,26,24.1,22,67,49.5,25,8,3.9,0,27.4,27.3,27.3,0
11919,57,42,31,28,24.8,22,69,52.5,32,7,3,0,27.3,27.2,27.2,0
111019,61,47.5,37,38,31.2,27,77,54.8,33,13,5.3,0,27.3,27.2,27.1,0
111119,54,42.3,31,33,24.4,17,89,54.5,24,21,9.2,3,27.4,27.4,27.3,0
111219,49,41.6,32,24,22.3,20,66,47.6,32,14,4.7,0,27.3,27.2,27.1,0
111319,55,39.1,0,30,24.9,0,76,53.9,0,7,3.9,0,27.2,27.1,27.1,0
111419,56,43.8,34,32,30.9,29,82,62.4,40,10,4.2,0,27.2,27.1,27.1,0
111519,60,46.6,35,36,31,28,76,57.3,33,8,2.9,0,27.2,27.1,27.1,0
111619,54,44.5,36,35,31.6,27,86,62.3,40,12,5.3,0,27.3,27.3,27.2,0
111719,60,46,36,31,28.9,27,70,53.5,32,8,3.6,0,27.3,27.3,27.2,0
111819,59,46.6,36,36,31.1,28,73,56.5,36,10,3.7,0,27.2,27,26.8,0
111919,54,44.8,35,37,32.9,29,79,64,43,20,5.9,0,26.8,26.8,26.7,0
112019,55,39.7,31,31,28.8,25,89,67.9,38,10,3.8,0,26.9,26.8,26.8,0.01
112119,47,35,27,28,22.9,20,81,63.3,37,7,2.9,0,27.1,27,26.9,0
112219,48,35.9,28,25,22.4,20,72,59.5,41,8,4.1,0,27.3,27.2,27.1,0
112319,50,36.9,26,25,22.9,20,78,58.7,36,12,4.6,0,27.4,27.3,27.3,0
112419,47,36,30,26,24.7,22,75,64.2,44,8,3.2,0,27.3,27.1,27,0
112519,44,34.2,28,30,25.6,21,92,72.8,40,18,10.1,0,27,26.9,26.9,0
112619,36,31.7,24,24,18.5,12,84,60.6,37,31,10.3,0,27,26.8,26.5,0
112719,44,36.4,31,28,25,22,85,65,42,28,18.2,5,26.6,26.5,26.4,0.01
112819,40,33.4,28,29,26.5,23,92,76.7,60,5,1.4,0,26.8,26.7,26.6,0
112919,34,29.2,26,27,23.8,19,93,80.5,66,15,5.9,0,26.9,26.7,26.6,0.01
113019,35,26.5,17,22,18.4,14,88,72.5,50,15,4.9,0,27.2,27.1,26.9,0.02
12119,36,31.8,20,32,26.7,13,96,82.2,57,18,11.2,5,27.2,27.1,27.1,0
12219,35,33.7,32,33,31.8,30,96,92.8,87,9,2.2,0,27.3,27.3,27.2,0.17
12319,39,35.1,33,36,33.5,32,100,94.1,86,6,1.6,0,27.3,27.3,27.2,0.01
12419,44,36.6,29,35,32.5,28,97,85.9,65,14,3.5,0,27.2,27.1,27,0
12519,39,34.3,29,33,31.3,28,100,89.5,76,10,2.6,0,27.3,27.1,27,0
12619,51,41.5,37,34,32,31,83,70.2,46,20,10.8,3,27.2,27.2,27.1,0
12719,51,45.9,38,40,36,31,80,68.7,56,22,13.8,8,27.1,26.9,26.8,0
12819,46,43.2,39,41,38.9,34,96,84.6,76,14,7.6,0,27.1,27,26.9,0.06
12919,45,36.1,30,34,29.7,25,96,78.8,56,10,3.8,0,27.3,27.2,27.1,0.18
121019,45,35.2,29,30,26.7,24,82,72.1,49,12,6.8,0,27.3,27.2,27.1,0
121119,43,38.4,33,38,32.8,27,93,80.4,65,13,6.9,0,27.2,27.1,27.1,0
121219,48,42.6,39,42,38.9,36,93,86.6,76,13,6.8,0,27.2,27.1,27.1,0.24
121319,40,36.9,35,36,33.9,32,96,89.3,79,8,3.7,0,27.2,27.1,26.9,0.15
121419,41,35.4,29,34,31.2,25,100,85.3,63,14,7.6,0,27,27,26.9,0.11
121519,36,31.4,27,26,23.6,22,86,73.4,59,9,3.8,0,27.3,27.1,26.9,0.03
121619,36,27.4,21,22,19.6,17,85,73.4,55,8,2.8,0,27.5,27.4,27.3,0
121719,36,26.7,20,21,15.9,11,81,64.2,50,16,10.2,0,27.5,27.4,27.3,0
121819,34,28,23,21,17.5,14,75,65.2,50,8,3.6,0,27.3,27.1,27.1,0
121919,45,36.8,31,33,27.7,22,82,69.8,58,20,9.8,0,27.2,27.1,27.1,0
122019,50,45.5,41,33,30.5,28,65,56.1,50,20,14.1,10,27.2,27.2,27.1,0.01
122119,49,44.1,40,29,25.9,24,58,49,39,18,13.6,6,27.1,27,27,0
122219,61,47.8,36,28,21,13,67,38.5,17,28,12,0,26.9,26.8,26.8,0
122319,47,42.4,37,36,28.9,19,86,61.4,33,9,4.7,0,27,26.9,26.8,0
122419,40,33.2,30,33,30.6,26,100,90.5,62,7,4.5,0,26.9,26.8,26.8,0.07
122519,34,31.3,28,31,28,25,96,87.4,75,8,2.8,0,27.1,26.9,26.8,0.11
122619,33,31.9,30,29,27.4,25,93,83.8,72,9,4.7,0,27.2,27.1,27.1,0.01
122719,35,31,27,25,23.3,21,85,73.5,59,9,5.7,0,27.2,27.1,27.1,0
122819,38,30.5,25,26,24,22,92,77.9,57,12,2.1,0,27.2,27.2,27.2,0
122919,32,30.6,28,30,26.4,22,92,84.5,75,10,5.6,0,27.2,27.1,27.1,0
123019,34,31.5,29,26,23.8,22,82,73.5,61,7,2.2,0,27.4,27.3,27.2,0.05
123119,40,36.4,32,33,27.7,23,79,71.1,63,18,10.2,0,27.4,27.2,27,0